case_id,Q_server_W,UA_ext_W_K,A2_m2,UA_per_kW_W_K_per_kW,duct_scale,num_simulations,has_feasible_point,min_feasible_rpm,min_fan_elec_power_W,fan_overhead_percent,server_mean_tail_K,chamber_mean_tail_K,radiator_mean_tail_K,vdot_m3_s,mdot_kg_s,dp_total_Pa,within_preferred_rpm,left_censored,search_status
1,1275,100,2,78.4313725490196,1.5,13,1,3150,14.4135005674856,1.13047063274396,326.422231553727,299.920754018015,240.936005657551,0.105762041855608,0.122374339327067,64.169923381424,1,0,feasible_within_preferred_rpm
2,1275,125,2.5,98.0392156862745,1.5,11,1,2975,12.0602411192126,0.945901264251965,326.340890796901,299.842580100303,237.370466971966,0.0985571970642265,0.113924670898342,59.3857290597977,1,0,feasible_within_preferred_rpm
3,1275,150,3,117.647058823529,1.5,11,1,2875,10.8373426184838,0.84998765635167,326.224781239933,299.727392702635,234.996933466195,0.0943774755497485,0.109011544170892,56.632265719071,1,0,feasible_within_preferred_rpm
4,1275,175,3.5,137.254901960784,1.5,11,1,2800,9.97562479108314,0.782401944398678,326.377619313601,299.883095647339,233.301728085632,0.0911917790835534,0.105245219284121,54.5580826877485,1,0,feasible_within_preferred_rpm
5,1275,200,4,156.862745098039,1.5,11,1,2750,9.42719658099288,0.739387967136696,326.414131208096,299.92489644429,232.030328981483,0.089043500446197,0.102702983990393,53.1586375484912,1,0,feasible_within_preferred_rpm
6,1275,250,5,196.078431372549,1.5,10,1,2700,8.90022002387224,0.698056472460568,326.056998472178,299.566471368392,230.253678937021,0.0868955624597886,0.10014800712729,51.7206991315664,1,0,feasible_within_preferred_rpm
7,1275,300,6,235.294117647059,1.5,9,1,2650,8.39121774141232,0.658134724816653,326.358631949489,299.869885991195,229.068718887208,0.0846639133250629,0.0975148380538481,50.3050635850717,1,0,feasible_within_preferred_rpm
8,1275,400,8,313.725490196078,1.5,9,1,2600,7.90238985443859,0.619795282701066,326.456152715346,299.975080825641,227.587572055148,0.0823963167320758,0.0948341005285766,48.8503096377268,1,0,feasible_within_preferred_rpm
9,1275,500,10,392.156862745098,1.5,9,1,2575,7.66556523087674,0.601220802421705,326.409722004184,299.932297483625,226.699498154552,0.0812484755404564,0.0934709551333489,48.1037129902543,1,0,feasible_within_preferred_rpm
10,2550,100,2,39.2156862745098,1.5,12,0,NaN,NaN,NaN,NaN,NaN,NaN,NaN,NaN,NaN,0,0,no_feasible_point_by_hard_cap
11,2550,125,2.5,49.0196078431373,1.5,12,0,NaN,NaN,NaN,NaN,NaN,NaN,NaN,NaN,NaN,0,0,no_feasible_point_by_hard_cap
12,2550,150,3,58.8235294117647,1.5,12,0,NaN,NaN,NaN,NaN,NaN,NaN,NaN,NaN,NaN,0,0,no_feasible_point_by_hard_cap
13,2550,175,3.5,68.6274509803922,1.5,12,0,NaN,NaN,NaN,NaN,NaN,NaN,NaN,NaN,NaN,0,0,no_feasible_point_by_hard_cap
14,2550,200,4,78.4313725490196,1.5,12,0,NaN,NaN,NaN,NaN,NaN,NaN,NaN,NaN,NaN,0,0,no_feasible_point_by_hard_cap
15,2550,250,5,98.0392156862745,1.5,19,1,11750,780.707641337561,30.6159859348063,329.992058718963,276.868798988968,236.381150290018,0.423687250169438,0.49013315472893,608.648695364138,0,0,high_rpm_model_extrapolation
16,2550,300,6,117.647058823529,1.5,19,1,10800,606.222555943224,23.7734335664009,329.970142527205,276.847052148325,233.984093160263,0.389412808959816,0.450337255299631,514.427499859009,0,0,high_rpm_model_extrapolation
17,2550,400,8,156.862745098039,1.5,19,1,9875,463.365433987934,18.1711934897229,329.984903495331,276.862036635626,231.158072312515,0.356000313190583,0.411488734601737,430.717366523842,0,0,high_rpm_model_extrapolation
18,2550,500,10,196.078431372549,1.5,19,1,9425,402.829797507364,15.7972469610731,329.96017377778,276.837529387353,229.516644152009,0.339736388091171,0.392522314281792,392.771788607713,0,0,high_rpm_model_extrapolation
