model_key,type_key,concurrency,ttft_ms,itl_ms,throughput_tps
llama31_8b_1xH100_fp8_TP1,A,1,10.26,4.63,214.56
llama31_8b_1xH100_fp8_TP1,A,5,16.81,4.58,1076.88
llama31_8b_1xH100_fp8_TP1,A,25,36.34,5.19,4678.88
llama31_8b_1xH100_fp8_TP1,A,50,67.41,5.91,8018.23
llama31_8b_1xH100_fp8_TP1,A,100,119.97,7.57,12214.97
llama31_8b_1xH100_fp8_TP1,A,150,346.53,9.81,12988.89
llama31_8b_1xH100_fp8_TP1,A,200,465.18,12.65,13348.4
llama31_8b_1xH100_fp8_TP1,A,250,605.6,16.14,12964.72
llama31_8b_1xH100_fp8_TP1,C,1,13.84,4.56,218.86
llama31_8b_1xH100_fp8_TP1,C,5,30.88,4.81,1035.85
llama31_8b_1xH100_fp8_TP1,C,25,97.07,5.82,4263.49
llama31_8b_1xH100_fp8_TP1,C,50,135.26,7.06,7009.01
llama31_8b_1xH100_fp8_TP1,C,100,239.92,9.51,10379.22
llama31_8b_1xH100_fp8_TP1,C,150,376.95,13.34,11053.75
llama31_8b_1xH100_fp8_TP1,C,200,1664.34,14.96,12549.74
llama31_8b_1xH100_fp8_TP1,C,250,6550.46,16.97,12268.82
llama31_8b_1xH100_fp8_TP1,B,1,19.03,4.53,220.1
llama31_8b_1xH100_fp8_TP1,B,5,55.87,4.8,1031.3
llama31_8b_1xH100_fp8_TP1,B,25,268.42,5.84,4098.01
llama31_8b_1xH100_fp8_TP1,B,50,414.87,7.26,6514.66
llama31_8b_1xH100_fp8_TP1,B,100,615.16,10.04,9392.43
llama31_8b_1xH100_fp8_TP1,B,150,885.53,14.14,9982.74
llama31_8b_1xH100_fp8_TP1,B,200,1258.79,16.02,11553.34
llama31_8b_1xH100_fp8_TP1,B,250,1885.04,19.68,11527.61
llama31_8b_1xH100_fp8_TP1,D,1,77.45,4.62,209.96
llama31_8b_1xH100_fp8_TP1,D,5,279.92,5.42,838.03
llama31_8b_1xH100_fp8_TP1,D,25,724.14,9.67,2251.44
llama31_8b_1xH100_fp8_TP1,D,50,817.73,16.47,2765.71
llama31_8b_1xH100_fp8_TP1,D,100,915.15,29.67,3180.16
llama31_8b_1xH100_fp8_TP1,D,150,1080,43.35,3301.68
llama31_8b_1xH100_fp8_TP1,D,200,4361.35,50.41,3378.48
llama31_8b_1xH100_fp8_TP1,D,250,11717.42,50.53,3372
llama31_8b_1xH100_fp8_TP1,E,1,403.2,5.06,189.96
llama31_8b_1xH100_fp8_TP1,E,5,1141.22,7.39,627.76
llama31_8b_1xH100_fp8_TP1,E,25,2371.46,19.35,1217.04
llama31_8b_1xH100_fp8_TP1,E,50,11071.41,30.73,1330.57
llama31_8b_1xH100_fp8_TP1,E,100,78187.07,31.08,1336.09
llama31_8b_1xH100_fp8_TP1,E,150,145290.54,31.31,1337
llama31_8b_1xH100_fp8_TP1,E,200,211735.71,31.46,1338.24
llama31_8b_1xH100_fp8_TP1,E,250,278580.85,31.62,1337.66
llama31_8b_1xH200_fp8_TP1,A,1,9.97,4.35,228.55
llama31_8b_1xH200_fp8_TP1,A,5,19.02,4.11,1194.26
llama31_8b_1xH200_fp8_TP1,A,25,48.56,4.61,5170.73
llama31_8b_1xH200_fp8_TP1,A,50,69.42,5.32,8823.15
llama31_8b_1xH200_fp8_TP1,A,100,124.16,7.08,12949.5
llama31_8b_1xH200_fp8_TP1,A,150,318.5,9.67,13298.39
llama31_8b_1xH200_fp8_TP1,A,200,432.64,12.69,13456.29
llama31_8b_1xH200_fp8_TP1,A,250,553.89,15.82,13392.14
llama31_8b_1xH200_fp8_TP1,C,1,12.88,4.25,235.17
llama31_8b_1xH200_fp8_TP1,C,5,30.26,4.3,1160.07
llama31_8b_1xH200_fp8_TP1,C,25,106.08,5.12,4832.39
llama31_8b_1xH200_fp8_TP1,C,50,146.47,6.04,8175.67
llama31_8b_1xH200_fp8_TP1,C,100,305.31,8.3,11824.76
llama31_8b_1xH200_fp8_TP1,C,150,474.13,11.71,12530.29
llama31_8b_1xH200_fp8_TP1,C,200,3858.17,12.7,13534.56
llama31_8b_1xH200_fp8_TP1,C,250,8119.64,15.01,12973.67
llama31_8b_1xH200_fp8_TP1,B,1,19.79,4.24,234.95
llama31_8b_1xH200_fp8_TP1,B,5,57.78,4.31,1144.52
llama31_8b_1xH200_fp8_TP1,B,25,194.5,5.25,4598.71
llama31_8b_1xH200_fp8_TP1,B,50,254.85,6.4,7513.85
llama31_8b_1xH200_fp8_TP1,B,100,389.08,9.11,10533.71
llama31_8b_1xH200_fp8_TP1,B,150,713.87,13.01,10930.77
llama31_8b_1xH200_fp8_TP1,B,200,1362.27,14.27,12625.72
llama31_8b_1xH200_fp8_TP1,B,250,2313.26,16.82,12826.05
llama31_8b_1xH200_fp8_TP1,D,1,80.16,4.36,221.63
llama31_8b_1xH200_fp8_TP1,D,5,249.53,4.92,924.18
llama31_8b_1xH200_fp8_TP1,D,25,443.73,9.3,2458.55
llama31_8b_1xH200_fp8_TP1,D,50,431.31,15.69,3024.47
llama31_8b_1xH200_fp8_TP1,D,100,455.52,28.05,3458.25
llama31_8b_1xH200_fp8_TP1,D,150,643.97,40.83,3566.03
llama31_8b_1xH200_fp8_TP1,D,200,730.31,51.75,3763.37
llama31_8b_1xH200_fp8_TP1,D,250,804.18,63.22,3860.48
llama31_8b_1xH200_fp8_TP1,E,1,408.66,4.65,205.97
llama31_8b_1xH200_fp8_TP1,E,5,1118.18,6.38,720.3
llama31_8b_1xH200_fp8_TP1,E,25,1890.26,16.21,1455.56
llama31_8b_1xH200_fp8_TP1,E,50,2911.51,30.64,1555.38
llama31_8b_1xH200_fp8_TP1,E,100,19767.13,46.32,1736.48
llama31_8b_1xH200_fp8_TP1,E,150,71795.92,46.88,1735.44
llama31_8b_1xH200_fp8_TP1,E,200,123202.74,47.16,1734.91
llama31_8b_1xH200_fp8_TP1,E,250,175197.57,47.31,1735.35
llama31_8b_1xL40S_fp8_TP1,A,1,19.42,13.75,72.58
llama31_8b_1xL40S_fp8_TP1,A,5,49.22,14.12,349.76
llama31_8b_1xL40S_fp8_TP1,A,25,160.89,15.56,1535.29
llama31_8b_1xL40S_fp8_TP1,A,50,348.94,16.93,2688.88
llama31_8b_1xL40S_fp8_TP1,A,100,486,21.19,4250.73
llama31_8b_1xL40S_fp8_TP1,A,150,627.64,25.65,5232.81
llama31_8b_1xL40S_fp8_TP1,A,200,678.66,31.16,5812.48
llama31_8b_1xL40S_fp8_TP1,A,250,706.39,36.66,6245.55
llama31_8b_1xL40S_fp8_TP1,C,1,26.98,14.06,71.1
llama31_8b_1xL40S_fp8_TP1,C,5,94.1,14.87,335.23
llama31_8b_1xL40S_fp8_TP1,C,25,381.83,18.2,1360.15
llama31_8b_1xL40S_fp8_TP1,B,1,44.61,13.97,71.42
llama31_8b_1xL40S_fp8_TP1,B,5,173.24,14.91,331.7
llama31_8b_1xL40S_fp8_TP1,B,25,617.75,18.59,1302.3
llama31_8b_1xL40S_fp8_TP1,B,50,704.53,23.59,2060.1
llama31_8b_1xL40S_fp8_TP1,B,100,777.75,34.1,2869.49
llama31_8b_1xL40S_fp8_TP1,B,150,770.03,44.38,3324.96
llama31_8b_1xL40S_fp8_TP1,B,200,894.28,55.33,3559.97
llama31_8b_1xL40S_fp8_TP1,B,250,5047.2,62.7,3676.16
llama31_8b_1xL40S_fp8_TP1,D,1,243.92,14.72,65.86
llama31_8b_1xL40S_fp8_TP1,D,5,455.05,18.14,262.89
llama31_8b_1xL40S_fp8_TP1,D,25,644.27,36.93,655.22
llama31_8b_1xL40S_fp8_TP1,D,50,830.47,60.47,806
llama31_8b_1xL40S_fp8_TP1,D,100,8988.57,94.33,889.32
llama31_8b_1xL40S_fp8_TP1,D,150,36691.18,94.4,890.18
llama31_8b_1xL40S_fp8_TP1,D,200,64263.2,94.29,893.23
llama31_8b_1xL40S_fp8_TP1,E,1,1299.33,17,56.67
llama31_8b_1xL40S_fp8_TP1,E,5,2691.78,26.37,180.37
llama31_8b_1xL40S_fp8_TP1,E,25,27548.98,70.21,289.26
llama31_8b_1xL40S_fp8_TP1,E,50,182179.84,70.65,289.79
llama31_8b_1xL40S_fp8_TP1,E,100,492175.92,70.71,291.05
llama31_8b_1xL40S_fp8_TP1,E,150,798991.51,70.76,291.4
llama31_8b_1xL40S_fp8_TP1,E,200,1106990.55,70.85,291.4
llama33_70b_2xH100_fp8_TP2,A,1,31.22,18.8,53
llama33_70b_2xH100_fp8_TP2,A,5,88.7,18.83,260.67
llama33_70b_2xH100_fp8_TP2,A,25,138.98,20.61,1178.68
llama33_70b_2xH100_fp8_TP2,A,50,156.28,23.33,2081.24
llama33_70b_2xH100_fp8_TP2,A,100,176.8,29.87,3263.31
llama33_70b_2xH100_fp8_TP2,A,150,195.51,37.75,3883.1
llama33_70b_2xH100_fp8_TP2,A,200,253.36,42.95,4534.54
llama33_70b_2xH100_fp8_TP2,A,250,264.22,48.16,5067.05
llama33_70b_2xH100_fp8_TP2,C,1,47.77,18.91,52.85
llama33_70b_2xH100_fp8_TP2,C,5,126.53,19.04,261.83
llama33_70b_2xH100_fp8_TP2,C,25,147.63,21.69,1149.05
llama33_70b_2xH100_fp8_TP2,C,50,181.64,23.97,2078.43
llama33_70b_2xH100_fp8_TP2,C,100,229.77,29.98,3322.87
llama33_70b_2xH100_fp8_TP2,C,150,296.74,37.85,3948.26
llama33_70b_2xH100_fp8_TP2,C,200,4867.89,40.72,4624.14
llama33_70b_2xH100_fp8_TP2,B,1,82.46,18.67,53.37
llama33_70b_2xH100_fp8_TP2,B,5,145.62,19.07,260.48
llama33_70b_2xH100_fp8_TP2,B,25,250.49,22.45,1102.23
llama33_70b_2xH100_fp8_TP2,B,50,278.62,25.87,1912.93
llama33_70b_2xH100_fp8_TP2,B,100,334.23,34.21,2895.49
llama33_70b_2xH100_fp8_TP2,B,150,428.54,44.44,3342.67
llama33_70b_2xH100_fp8_TP2,B,200,558.23,50.66,3901.74
llama33_70b_2xH100_fp8_TP2,B,250,3499.83,56.3,4167.39
llama33_70b_2xH100_fp8_TP2,D,1,406.77,18.58,51.67
llama33_70b_2xH100_fp8_TP2,D,5,546.7,21.83,218.48
llama33_70b_2xH100_fp8_TP2,D,25,688.69,38.75,623.4
llama33_70b_2xH100_fp8_TP2,D,50,834.51,59.73,814.37
llama33_70b_2xH100_fp8_TP2,D,100,7996.25,92.91,917.26
llama33_70b_2xH100_fp8_TP2,D,150,34794.22,92.86,920.9
llama33_70b_2xH100_fp8_TP2,D,200,61680.22,93.06,920.54
llama33_70b_2xH100_fp8_TP2,D,250,88605.32,93.2,920.12
llama33_70b_2xH100_fp8_TP2,E,1,1833.01,19.58,48.8
llama33_70b_2xH100_fp8_TP2,E,5,2910.33,25.24,186.8
llama33_70b_2xH100_fp8_TP2,E,25,18781.26,48.26,415.33
llama33_70b_2xH100_fp8_TP2,E,50,123969.71,49.22,418.65
llama33_70b_2xH100_fp8_TP2,E,100,333564.85,49.81,425.1
llama33_70b_2xH100_fp8_TP2,E,150,543226.4,50.01,423.95
llama33_70b_2xH100_fp8_TP2,E,200,753417.03,50.06,425.74
llama33_70b_2xH100_fp8_TP2,E,250,963222.96,50.13,427.06
llama33_70b_2xH200_fp8_TP2,A,1,29.58,16.85,59.12
llama33_70b_2xH200_fp8_TP2,A,5,96.02,16.41,297.51
llama33_70b_2xH200_fp8_TP2,A,25,144.09,18.03,1339.22
llama33_70b_2xH200_fp8_TP2,A,50,157.84,20.17,2391.63
llama33_70b_2xH200_fp8_TP2,A,100,187.07,27.57,3520.02
llama33_70b_2xH200_fp8_TP2,A,150,201.75,36.76,3983.17
llama33_70b_2xH200_fp8_TP2,A,200,258.88,42.13,4617.01
llama33_70b_2xH200_fp8_TP2,A,250,294.21,47,5172.59
llama33_70b_2xH200_fp8_TP2,C,1,46.38,16.79,59.51
llama33_70b_2xH200_fp8_TP2,C,5,121.67,16.36,304.63
llama33_70b_2xH200_fp8_TP2,C,25,169.85,18.64,1335.79
llama33_70b_2xH200_fp8_TP2,C,50,190.84,19.79,2515.16
llama33_70b_2xH200_fp8_TP2,C,100,238.18,26.06,3820.26
llama33_70b_2xH200_fp8_TP2,C,150,302.88,33.98,4395.18
llama33_70b_2xH200_fp8_TP2,C,200,357.1,37.06,5370.23
llama33_70b_2xH200_fp8_TP2,C,250,576.85,39.99,6202.02
llama33_70b_2xH200_fp8_TP2,B,1,81.45,16.72,59.56
llama33_70b_2xH200_fp8_TP2,B,5,147.1,16.48,301.06
llama33_70b_2xH200_fp8_TP2,B,25,252.61,19.38,1274.05
llama33_70b_2xH200_fp8_TP2,B,50,278.5,21.84,2261.37
llama33_70b_2xH200_fp8_TP2,B,100,332.18,30.22,3273.32
llama33_70b_2xH200_fp8_TP2,B,150,423.88,41.08,3614.04
llama33_70b_2xH200_fp8_TP2,B,200,582.43,46.43,4251.5
llama33_70b_2xH200_fp8_TP2,B,250,666.7,52.75,4676.16
llama33_70b_2xH200_fp8_TP2,D,1,418.61,16.72,57.05
llama33_70b_2xH200_fp8_TP2,D,5,567.86,19.15,246.86
llama33_70b_2xH200_fp8_TP2,D,25,708,35.86,671.12
llama33_70b_2xH200_fp8_TP2,D,50,841.35,56.65,857.45
llama33_70b_2xH200_fp8_TP2,D,100,5701.4,91.4,972.2
llama33_70b_2xH200_fp8_TP2,D,150,31108.04,91.64,972.92
llama33_70b_2xH200_fp8_TP2,D,200,56556.61,91.81,972.7
llama33_70b_2xH200_fp8_TP2,D,250,82015.69,91.91,972.59
llama33_70b_2xH200_fp8_TP2,E,1,1892.93,17.44,54.38
llama33_70b_2xH200_fp8_TP2,E,5,2981.43,21.61,215.84
llama33_70b_2xH200_fp8_TP2,E,25,7173.02,44.36,516.05
llama33_70b_2xH200_fp8_TP2,E,50,12866.29,72.84,621.2
llama33_70b_2xH200_fp8_TP2,E,100,145188.49,81.99,615.1
llama33_70b_2xH200_fp8_TP2,E,150,288488.94,82.99,621.73
llama33_70b_2xH200_fp8_TP2,E,200,432638.5,83.58,620.62
llama33_70b_2xH200_fp8_TP2,E,250,576444.85,84.03,620.09
llama33_70b_4xH100_fp8_TP4,A,1,22.73,13.8,72.22
llama33_70b_4xH100_fp8_TP4,A,5,56.59,13.44,366.12
llama33_70b_4xH100_fp8_TP4,A,25,160.64,13.83,1716.65
llama33_70b_4xH100_fp8_TP4,A,50,266.81,14.83,3104.67
llama33_70b_4xH100_fp8_TP4,A,100,370.92,18.82,4849.98
llama33_70b_4xH100_fp8_TP4,A,150,423.34,24.16,5718.54
llama33_70b_4xH100_fp8_TP4,A,200,639.02,25.32,7031.28
llama33_70b_4xH100_fp8_TP4,A,250,890.53,27.6,7803.07
llama33_70b_4xH100_fp8_TP4,C,1,32.41,13.85,72.17
llama33_70b_4xH100_fp8_TP4,C,5,93.74,12.93,385.51
llama33_70b_4xH100_fp8_TP4,C,25,356.42,14.19,1740.17
llama33_70b_4xH100_fp8_TP4,C,50,492.05,15.62,3153.24
llama33_70b_4xH100_fp8_TP4,C,100,566.05,19.44,5071.9
llama33_70b_4xH100_fp8_TP4,C,150,707,24.7,5988.23
llama33_70b_4xH100_fp8_TP4,C,200,799.72,26.52,7430.1
llama33_70b_4xH100_fp8_TP4,C,250,1152.75,28.57,8579.87
llama33_70b_4xH100_fp8_TP4,B,1,51.01,13.99,71.26
llama33_70b_4xH100_fp8_TP4,B,5,170.81,13.06,378.3
llama33_70b_4xH100_fp8_TP4,B,25,503.84,14.76,1639.43
llama33_70b_4xH100_fp8_TP4,B,50,608.55,16.86,2864.92
llama33_70b_4xH100_fp8_TP4,B,100,613.39,22.02,4421.55
llama33_70b_4xH100_fp8_TP4,B,150,743.73,28.79,5082.9
llama33_70b_4xH100_fp8_TP4,B,200,955.06,31.74,6120.83
llama33_70b_4xH100_fp8_TP4,B,250,1405.48,34.75,6918.63
llama33_70b_4xH100_fp8_TP4,D,1,214.63,13.89,69.96
llama33_70b_4xH100_fp8_TP4,D,5,640.52,14.34,320.72
llama33_70b_4xH100_fp8_TP4,D,25,592.2,24.78,964.48
llama33_70b_4xH100_fp8_TP4,D,50,661.04,36.53,1322.8
llama33_70b_4xH100_fp8_TP4,D,100,857.04,61.36,1587.86
llama33_70b_4xH100_fp8_TP4,D,150,1098.38,88,1665.56
llama33_70b_4xH100_fp8_TP4,D,200,1149.56,111.46,1760.61
llama33_70b_4xH100_fp8_TP4,D,250,6176.07,127.61,1785.89
llama33_70b_4xH100_fp8_TP4,E,1,941.17,14.1,68.68
llama33_70b_4xH100_fp8_TP4,E,5,2191.86,16.22,288.76
llama33_70b_4xH100_fp8_TP4,E,25,4157.12,31.48,744.05
llama33_70b_4xH100_fp8_TP4,E,50,6205.6,50.33,933.97
llama33_70b_4xH100_fp8_TP4,E,100,84784.81,57.29,958.23
llama33_70b_4xH100_fp8_TP4,E,150,176553.42,58.23,966.23
llama33_70b_4xH100_fp8_TP4,E,200,269826.81,58.42,957.89
llama33_70b_4xH100_fp8_TP4,E,250,362546.32,58.52,963.45
llama33_70b_8xA100_bf16_TP8,A,1,47.73,18.11,54.77
llama33_70b_8xA100_bf16_TP8,A,5,135.15,19.63,247.48
llama33_70b_8xA100_bf16_TP8,A,25,528.55,23.47,961.89
llama33_70b_8xA100_bf16_TP8,A,50,848.5,26.59,1629.45
llama33_70b_8xA100_bf16_TP8,A,100,1208.62,38.47,2257.04
llama33_70b_8xA100_bf16_TP8,A,150,1381.12,53.42,2498.15
llama33_70b_8xA100_bf16_TP8,A,200,1415.91,61.44,2932.47
llama33_70b_8xA100_bf16_TP8,A,250,1491.94,69.03,3283.87
llama33_70b_8xA100_bf16_TP8,C,1,79.98,18.57,53.75
llama33_70b_8xA100_bf16_TP8,C,5,259.87,19.88,249.99
llama33_70b_8xA100_bf16_TP8,C,25,947.31,24.89,985.94
llama33_70b_8xA100_bf16_TP8,C,50,1167.07,28.75,1705.2
llama33_70b_8xA100_bf16_TP8,C,100,1458.45,39.83,2465.98
llama33_70b_8xA100_bf16_TP8,C,150,1513.77,53.21,2780.56
llama33_70b_8xA100_bf16_TP8,B,1,131.21,18.44,53.91
llama33_70b_8xA100_bf16_TP8,B,5,460.71,19.83,246.66
llama33_70b_8xA100_bf16_TP8,B,25,1345.99,26.36,903
llama33_70b_8xA100_bf16_TP8,B,50,1498.8,31.6,1512.02
llama33_70b_8xA100_bf16_TP8,B,100,1625.47,46.47,2080.95
llama33_70b_8xA100_bf16_TP8,B,150,1729.4,63.28,2309.02
llama33_70b_8xA100_bf16_TP8,B,200,1680.2,72.79,2687.61
llama33_70b_8xA100_bf16_TP8,B,250,1884.04,82.1,2979.05
llama33_70b_8xA100_bf16_TP8,D,1,554.81,18.54,50.99
llama33_70b_8xA100_bf16_TP8,D,5,1005.5,23.9,193.29
llama33_70b_8xA100_bf16_TP8,D,25,1362.44,52,457.61
llama33_70b_8xA100_bf16_TP8,D,50,1723.18,82.19,584.77
llama33_70b_8xA100_bf16_TP8,D,100,2257.5,146.67,662.51
llama33_70b_8xA100_bf16_TP8,D,150,2644.06,213.3,687.31
llama33_70b_8xA100_bf16_TP8,E,1,2521.02,19.46,48.27
llama33_70b_8xA100_bf16_TP8,E,5,5331.09,26.89,169.17
llama33_70b_8xA100_bf16_TP8,E,25,10457.52,64.46,358.42
llama33_70b_8xA100_bf16_TP8,E,50,16794.16,107.78,429.76
llama33_70b_8xA100_bf16_TP8,E,100,178225.46,127.17,441.63
llama33_70b_8xA100_bf16_TP8,E,150,379534.42,128.79,444.7
llama33_70b_8xA100_bf16_TP8,E,200,578423.34,129.63,446.76
llama33_70b_8xA100_bf16_TP8,E,250,778536.81,130.36,447.46
