parameter,value
Q_server,1100
P_air_internal,101325
T_air_internal,300
T_ambient,223.15000000000001
h2,50
A2,2
h1,120
A1,0.40000000000000002
L_pipe,2
A_pipe,0.01
D_h_pipe,0.10000000000000001
A_res1,0.0089999999999999993
A_res3,0.0060000000000000001
q_fan_nom,0.094197000000000003
dp_fan_nom,65.532179999999997
eta_fan_nom,0.59999999999999998
dp_fan_max0,88.468443000000008
q_fan_max0,0.11774625
w_fan_ref_rpm,3000
Q_solar,500
epsilon_rad,1.0000000000000001e-15
k_rad,5.6703744189999998e-23
A_rad,2
T_sky,223.15000000000001
G_wall,1000000
A_wall,1
t_wall,1
k_wall,1000000
m_HX,1
cp_HX,900
T_HX0,300
T_chamber_limit,300
T_server_limit,330
eta_motor_elec,0.84999999999999998
tail_sec,500
stop_time_s,5000
