tau,Type,Mapping,n_pairs,mean_R,mean_Z,alpha,ratio,Priority
1800,A,range_priority_B_over_C,13543,3.31137857195599,264.36587166802,0.0123707882122493,80.835592917986,B_over_C
1800,B,range_priority_B_over_C,3226,20.9686918784873,301.26100433974,0.065073741261533,15.3671816098751,B_over_C
1800,C,range_priority_B_over_C,642,26.5591900311526,297.41277258567,0.0819799028799462,12.1981115477098,B_over_C
1800,D,range_priority_B_over_C,6241,15,296.389360679378,0.0481712026617529,20.7592907119586,B_over_C
1800,E,range_priority_B_over_C,505,23.8059405940594,291.564356435644,0.0754856776883375,13.2475461653635,B_over_C
1800,A,range_priority_C_over_B,13543,3.31137857195599,264.36587166802,0.0123707882122493,80.835592917986,C_over_B
1800,B,range_priority_C_over_B,2152,18.814126394052,293.432620817844,0.0602540348684064,16.5963989330172,C_over_B
1800,C,range_priority_C_over_B,1716,25.7622377622378,309.638694638695,0.0768102747294752,13.0190915671372,C_over_B
1800,D,range_priority_C_over_B,6241,15,296.389360679378,0.0481712026617529,20.7592907119586,C_over_B
1800,E,range_priority_C_over_B,505,23.8059405940594,291.564356435644,0.0754856776883375,13.2475461653635,C_over_B
