mapping_key,mapping_label,model_key,display_label,alpha_A,alpha_B,alpha_C,alpha_D,alpha_E,N95_exact,P_at_N95,P_at_N95_plus_1,change_users_vs_baseline,change_percent_vs_baseline
baseline,Overlapping windows,llama31_8b_1xH100_fp8_TP1,8B / 1xH100,0.0123707882122493,0.065073741261533,0.0768102747294752,0.0481712026617529,0.0754856776883375,5876,0.0499204223975372,0.0501723462273759,0,0
baseline,Overlapping windows,llama33_70b_2xH100_fp8_TP2,70B / 2xH100,0.0123707882122493,0.065073741261533,0.0768102747294752,0.0481712026617529,0.0754856776883375,991,0.0499963548024938,0.0500580729369247,0,0
overlap_distance,Overlap-only distance,llama31_8b_1xH100_fp8_TP1,8B / 1xH100,0.0123707882122493,0.065073741261533,0.0819799028799462,0.0481712026617529,0.0754856776883375,5873,0.0498535737789753,0.0501052250922672,-3,-0.0510551395507148
overlap_distance,Overlap-only distance,llama33_70b_2xH100_fp8_TP2,70B / 2xH100,0.0123707882122493,0.065073741261533,0.0819799028799462,0.0481712026617529,0.0754856776883375,990,0.0499818626104183,0.0500429079878055,-1,-0.100908173562059
b_over_c,B-over-C priority,llama31_8b_1xH100_fp8_TP1,8B / 1xH100,0.0123707882122493,0.065073741261533,0.0819799028799462,0.0481712026617529,0.0754856776883375,5873,0.0498535737789753,0.0501052250922672,-3,-0.0510551395507148
b_over_c,B-over-C priority,llama33_70b_2xH100_fp8_TP2,70B / 2xH100,0.0123707882122493,0.065073741261533,0.0819799028799462,0.0481712026617529,0.0754856776883375,990,0.0499818626104183,0.0500429079878055,-1,-0.100908173562059
c_over_b,C-over-B priority,llama31_8b_1xH100_fp8_TP1,8B / 1xH100,0.0123707882122493,0.0602540348684064,0.0768102747294752,0.0481712026617529,0.0754856776883375,5930,0.049854243380203,0.0500872221905095,54,0.918992511912866
c_over_b,C-over-B priority,llama33_70b_2xH100_fp8_TP2,70B / 2xH100,0.0123707882122493,0.0602540348684064,0.0768102747294752,0.0481712026617529,0.0754856776883375,999,0.049990266777933,0.0500054863409421,8,0.807265388496468
global_distance,Global distance,llama31_8b_1xH100_fp8_TP1,8B / 1xH100,0.0143915449988269,0.0479577702139296,0.099872086980853,0.0333688407746997,0.13133522137054,6075,0.0498176249462263,0.0500256828249165,199,3.38665759019741
global_distance,Global distance,llama33_70b_2xH100_fp8_TP2,70B / 2xH100,0.0143915449988269,0.0479577702139296,0.099872086980853,0.0333688407746997,0.13133522137054,1079,0.0499873923110247,0.0500135091123951,88,8.87991927346115
