model_key,display_label,N,N_over_Nharm,P_overload_exact,P_overload_percent,N_A,N_B,N_C,N_D,N_E
llama31_8b_1xH100_fp8_TP1,8B / 1xH100,2815,0.399975565160755,4.75096437081833e-12,4.75096437081833e-10,1908,331,22,541,13
llama31_8b_1xH100_fp8_TP1,8B / 1xH100,3167,0.449990271710164,9.78542140282592e-10,9.78542140282592e-08,2147,372,24,609,15
llama31_8b_1xH100_fp8_TP1,8B / 1xH100,3519,0.500004978259573,6.06949299357758e-08,6.06949299357758e-06,2386,413,27,676,17
llama31_8b_1xH100_fp8_TP1,8B / 1xH100,3871,0.550019684808982,1.05950245704681e-06,0.000105950245704681,2624,455,30,744,18
llama31_8b_1xH100_fp8_TP1,8B / 1xH100,4223,0.600034391358391,1.84146502506072e-05,0.00184146502506072,2863,496,32,812,20
llama31_8b_1xH100_fp8_TP1,8B / 1xH100,4575,0.6500490979078,0.000146270207120144,0.0146270207120144,3102,538,35,879,21
llama31_8b_1xH100_fp8_TP1,8B / 1xH100,4927,0.700063804457209,0.0011251364141391,0.11251364141391,3340,579,38,947,23
llama31_8b_1xH100_fp8_TP1,8B / 1xH100,5278,0.749936423772102,0.00598199566984597,0.598199566984597,3578,620,40,1015,25
llama31_8b_1xH100_fp8_TP1,8B / 1xH100,5630,0.799951130321511,0.0206409262296151,2.06409262296151,3817,662,43,1082,26
llama31_8b_1xH100_fp8_TP1,8B / 1xH100,5876,0.834904590012291,0.0499204223975372,4.99204223975372,3984,690,45,1129,28
llama31_8b_1xH100_fp8_TP1,8B / 1xH100,5877,0.835046677246806,0.0501723462273759,5.01723462273759,3984,691,45,1129,28
llama31_8b_1xH100_fp8_TP1,8B / 1xH100,5982,0.84996583687092,0.0644787799357028,6.44787799357028,4055,703,46,1150,28
llama31_8b_1xH100_fp8_TP1,8B / 1xH100,6334,0.899980543420329,0.156470086137179,15.6470086137179,4294,744,48,1218,30
llama31_8b_1xH100_fp8_TP1,8B / 1xH100,6686,0.949995249969737,0.292336700207065,29.2336700207065,4533,786,51,1285,31
llama31_8b_1xH100_fp8_TP1,8B / 1xH100,7038,1.00000995651915,0.482744107100806,48.2744107100806,4771,827,54,1353,33
llama31_8b_1xH100_fp8_TP1,8B / 1xH100,7390,1.05002466306856,0.674926086682714,67.4926086682714,5010,868,57,1420,35
llama33_70b_2xH100_fp8_TP2,70B / 2xH100,892,0.399802743135868,0.0310643755544701,3.10643755544701,605,105,7,171,4
llama33_70b_2xH100_fp8_TP2,70B / 2xH100,991,0.44417546911171,0.0499963548024938,4.99963548024938,672,116,8,190,5
llama33_70b_2xH100_fp8_TP2,70B / 2xH100,992,0.444623678465001,0.0500580729369247,5.00580729369247,672,116,8,191,5
llama33_70b_2xH100_fp8_TP2,70B / 2xH100,1004,0.450002190704497,0.0502541567734911,5.02541567734911,680,118,8,193,5
llama33_70b_2xH100_fp8_TP2,70B / 2xH100,1116,0.500201638273126,0.0540065792515252,5.40065792515252,757,131,9,214,5
llama33_70b_2xH100_fp8_TP2,70B / 2xH100,1227,0.549952876488464,0.0858520792678353,8.58520792678353,832,144,9,236,6
llama33_70b_2xH100_fp8_TP2,70B / 2xH100,1339,0.600152324057093,0.131601773610496,13.1601773610496,908,157,10,257,7
llama33_70b_2xH100_fp8_TP2,70B / 2xH100,1450,0.649903562272431,0.166040880304191,16.6040880304191,983,170,11,279,7
llama33_70b_2xH100_fp8_TP2,70B / 2xH100,1562,0.70010300984106,0.209882704659043,20.9882704659043,1059,184,12,300,7
llama33_70b_2xH100_fp8_TP2,70B / 2xH100,1673,0.749854248056398,0.29190764655218,29.1907646552181,1134,197,13,321,8
llama33_70b_2xH100_fp8_TP2,70B / 2xH100,1785,0.800053695625027,0.342047528338529,34.2047528338529,1210,210,14,343,8
llama33_70b_2xH100_fp8_TP2,70B / 2xH100,1896,0.849804933840365,0.420092935155883,42.0092935155883,1285,223,15,364,9
llama33_70b_2xH100_fp8_TP2,70B / 2xH100,2008,0.900004381408994,0.488867615764091,48.8867615764091,1361,236,15,386,10
llama33_70b_2xH100_fp8_TP2,70B / 2xH100,2120,0.950203828977623,0.512479404580218,51.2479404580218,1437,249,16,408,10
llama33_70b_2xH100_fp8_TP2,70B / 2xH100,2231,0.999955067192961,0.560931991450199,56.0931991450199,1512,262,17,429,11
llama33_70b_2xH100_fp8_TP2,70B / 2xH100,2343,1.05015451476159,0.569433654345796,56.9433654345796,1589,275,18,450,11
