model_key,model_label,type_key,SLO_key,p_k,p_k_percent,Cmax_k,raw_budget_term_p_over_Cmax,normalized_budget_share,normalized_budget_share_percent,budget_amplification_vs_p_k,C_mix_harmonic
llama31_8b_1xH100_fp8_TP1,Llama 3.1 8B | 1xH100,A,general,0.319700978294716,31.9700978294716,250,0.00127880391317886,0.236102803332249,23.6102803332249,0.738511357055021,184.627839263755
llama31_8b_1xH100_fp8_TP1,Llama 3.1 8B | 1xH100,B,general,0.291508079276147,29.1508079276147,250,0.00116603231710459,0.21528202721873,21.528202721873,0.738511357055021,184.627839263755
llama31_8b_1xH100_fp8_TP1,Llama 3.1 8B | 1xH100,C,general,0.0223885445205863,2.23885445205863,203.434831727424,0.000110052660748795,0.020318784959277,2.0318784959277,0.90755274156361,184.627839263755
llama31_8b_1xH100_fp8_TP1,Llama 3.1 8B | 1xH100,D,general,0.352948885389201,35.2948885389201,164.018620384903,0.00215188302743271,0.397297513703249,39.7297513703249,1.12565170241335,184.627839263755
llama31_8b_1xH100_fp8_TP1,Llama 3.1 8B | 1xH100,E,general,0.0134535125193497,1.34535125193497,18.9611783066719,0.000709529350009635,0.130998870786496,13.0998870786496,9.73715010099293,184.627839263755
llama33_70b_2xH100_fp8_TP2,Llama 3.3 70B | 2xH100,A,general,0.319700978294716,31.9700978294716,250,0.00127880391317886,0.0748471537696786,7.48471537696786,0.234116123663159,58.5290309157897
llama33_70b_2xH100_fp8_TP2,Llama 3.3 70B | 2xH100,B,general,0.291508079276147,29.1508079276147,224.506561055208,0.00129843902069509,0.0759963775845308,7.59963775845308,0.26070075921477,58.5290309157897
llama33_70b_2xH100_fp8_TP2,Llama 3.3 70B | 2xH100,C,general,0.0223885445205863,2.23885445205863,168.630541548626,0.00013276684232275,0.00777071461889999,0.777071461889999,0.347084403443681,58.5290309157897
llama33_70b_2xH100_fp8_TP2,Llama 3.3 70B | 2xH100,D,general,0.352948885389201,35.2948885389201,58.1369192402964,0.00607099395704755,0.355329393001609,35.5329393001609,1.00674462425284,58.5290309157897
llama33_70b_2xH100_fp8_TP2,Llama 3.3 70B | 2xH100,E,general,0.0134535125193497,1.34535125193497,1.62002004975309,0.00830453457745796,0.486056361025282,48.6056361025282,36.1285842880218,58.5290309157897
