model_key,model_label,type_key,SLO_key,SLO_label,ttft_limit_ms,itl_limit_ms,interpolation_method,Cmax_TTFT,Cmax_ITL,Cmax,bottleneck
llama31_8b_1xH100_fp8_TP1,Llama 3.1 8B | 1xH100 | FP8 TP1,A,general,General: 2 s / 100 ms,2000,100,linear,250,250,250,TTFT
llama31_8b_1xH100_fp8_TP1,Llama 3.1 8B | 1xH100 | FP8 TP1,B,general,General: 2 s / 100 ms,2000,100,linear,250,250,250,TTFT
llama31_8b_1xH100_fp8_TP1,Llama 3.1 8B | 1xH100 | FP8 TP1,C,general,General: 2 s / 100 ms,2000,100,linear,203.434831727424,250,203.434831727424,TTFT
llama31_8b_1xH100_fp8_TP1,Llama 3.1 8B | 1xH100 | FP8 TP1,D,general,General: 2 s / 100 ms,2000,100,linear,164.018620384903,250,164.018620384903,TTFT
llama31_8b_1xH100_fp8_TP1,Llama 3.1 8B | 1xH100 | FP8 TP1,E,general,General: 2 s / 100 ms,2000,100,linear,18.9611783066719,250,18.9611783066719,TTFT
llama31_8b_1xH100_fp8_TP1,Llama 3.1 8B | 1xH100 | FP8 TP1,A,ttft_strict,TTFT-stringent: 1 s / 100 ms,1000,100,linear,250,250,250,TTFT
llama31_8b_1xH100_fp8_TP1,Llama 3.1 8B | 1xH100 | FP8 TP1,B,ttft_strict,TTFT-stringent: 1 s / 100 ms,1000,100,linear,165.333815570916,250,165.333815570916,TTFT
llama31_8b_1xH100_fp8_TP1,Llama 3.1 8B | 1xH100 | FP8 TP1,C,ttft_strict,TTFT-stringent: 1 s / 100 ms,1000,100,linear,174.19818392251,250,174.19818392251,TTFT
llama31_8b_1xH100_fp8_TP1,Llama 3.1 8B | 1xH100 | FP8 TP1,D,ttft_strict,TTFT-stringent: 1 s / 100 ms,1000,100,linear,125.735517136791,250,125.735517136791,TTFT
llama31_8b_1xH100_fp8_TP1,Llama 3.1 8B | 1xH100 | FP8 TP1,E,ttft_strict,TTFT-stringent: 1 s / 100 ms,1000,100,linear,4.23460068832823,250,4.23460068832823,TTFT
llama31_8b_1xH100_fp8_TP1,Llama 3.1 8B | 1xH100 | FP8 TP1,A,itl_strict,ITL-stringent: 2 s / 40 ms,2000,40,linear,250,250,250,TTFT
llama31_8b_1xH100_fp8_TP1,Llama 3.1 8B | 1xH100 | FP8 TP1,B,itl_strict,ITL-stringent: 2 s / 40 ms,2000,40,linear,250,250,250,TTFT
llama31_8b_1xH100_fp8_TP1,Llama 3.1 8B | 1xH100 | FP8 TP1,C,itl_strict,ITL-stringent: 2 s / 40 ms,2000,40,linear,203.434831727424,250,203.434831727424,TTFT
llama31_8b_1xH100_fp8_TP1,Llama 3.1 8B | 1xH100 | FP8 TP1,D,itl_strict,ITL-stringent: 2 s / 40 ms,2000,40,linear,164.018620384903,137.755847953216,137.755847953216,ITL
llama31_8b_1xH100_fp8_TP1,Llama 3.1 8B | 1xH100 | FP8 TP1,E,itl_strict,ITL-stringent: 2 s / 40 ms,2000,40,linear,18.9611783066719,250,18.9611783066719,TTFT
llama33_70b_2xH100_fp8_TP2,Llama 3.3 70B | 2xH100 | FP8 TP2,A,general,General: 2 s / 100 ms,2000,100,linear,250,250,250,TTFT
llama33_70b_2xH100_fp8_TP2,Llama 3.3 70B | 2xH100 | FP8 TP2,B,general,General: 2 s / 100 ms,2000,100,linear,224.506561055208,250,224.506561055208,TTFT
llama33_70b_2xH100_fp8_TP2,Llama 3.3 70B | 2xH100 | FP8 TP2,C,general,General: 2 s / 100 ms,2000,100,linear,168.630541548626,200,168.630541548626,TTFT
llama33_70b_2xH100_fp8_TP2,Llama 3.3 70B | 2xH100 | FP8 TP2,D,general,General: 2 s / 100 ms,2000,100,linear,58.1369192402964,250,58.1369192402964,TTFT
llama33_70b_2xH100_fp8_TP2,Llama 3.3 70B | 2xH100 | FP8 TP2,E,general,General: 2 s / 100 ms,2000,100,linear,1.62002004975309,250,1.62002004975309,TTFT
llama33_70b_2xH100_fp8_TP2,Llama 3.3 70B | 2xH100 | FP8 TP2,A,ttft_strict,TTFT-stringent: 1 s / 100 ms,1000,100,linear,250,250,250,TTFT
llama33_70b_2xH100_fp8_TP2,Llama 3.3 70B | 2xH100 | FP8 TP2,B,ttft_strict,TTFT-stringent: 1 s / 100 ms,1000,100,linear,207.509008702747,250,207.509008702747,TTFT
llama33_70b_2xH100_fp8_TP2,Llama 3.3 70B | 2xH100 | FP8 TP2,C,ttft_strict,TTFT-stringent: 1 s / 100 ms,1000,100,linear,157.692375004102,200,157.692375004102,TTFT
llama33_70b_2xH100_fp8_TP2,Llama 3.3 70B | 2xH100 | FP8 TP2,D,ttft_strict,TTFT-stringent: 1 s / 100 ms,1000,100,linear,51.1553756489345,250,51.1553756489345,TTFT
llama33_70b_2xH100_fp8_TP2,Llama 3.3 70B | 2xH100 | FP8 TP2,E,ttft_strict,TTFT-stringent: 1 s / 100 ms,1000,100,linear,0,250,0,TTFT
llama33_70b_2xH100_fp8_TP2,Llama 3.3 70B | 2xH100 | FP8 TP2,A,itl_strict,ITL-stringent: 2 s / 40 ms,2000,40,linear,250,171.634615384615,171.634615384615,ITL
llama33_70b_2xH100_fp8_TP2,Llama 3.3 70B | 2xH100 | FP8 TP2,B,itl_strict,ITL-stringent: 2 s / 40 ms,2000,40,linear,224.506561055208,128.299120234604,128.299120234604,ITL
llama33_70b_2xH100_fp8_TP2,Llama 3.3 70B | 2xH100 | FP8 TP2,C,itl_strict,ITL-stringent: 2 s / 40 ms,2000,40,linear,168.630541548626,187.456445993031,168.630541548626,TTFT
llama33_70b_2xH100_fp8_TP2,Llama 3.3 70B | 2xH100 | FP8 TP2,D,itl_strict,ITL-stringent: 2 s / 40 ms,2000,40,linear,58.1369192402964,26.4895138226883,26.4895138226883,ITL
llama33_70b_2xH100_fp8_TP2,Llama 3.3 70B | 2xH100 | FP8 TP2,E,itl_strict,ITL-stringent: 2 s / 40 ms,2000,40,linear,1.62002004975309,17.8236316246742,1.62002004975309,TTFT
