case_id,case_label,case_source,case_key,Q_server,P_air_internal,T_air_internal,T_ambient,h2,A2,h1,A1,L_pipe,A_pipe,D_h_pipe,A_res1,A_res3,q_fan_nom,dp_fan_nom,eta_fan_nom,dp_fan_max0,q_fan_max0,w_fan_ref_rpm,Q_solar,epsilon_rad,k_rad,A_rad,T_sky,G_wall,A_wall,t_wall,k_wall,m_HX,cp_HX,T_HX0,T_chamber_limit,T_server_limit,temperature_margin_K,sim_time_scale,validation_group,A_rad_scale,A1_scale,duct_area_scale,pipe_area_scale,res1_area_scale,res3_area_scale,fan_capacity_scale,known_infeasible_rpm,UA_external_W_K,UA_internal_W_K,res1_to_pipe_ratio,res3_to_pipe_ratio,flow_path_valid,num_simulations,num_successful_simulations,num_feasible_rpm,has_feasible_temperature,left_censored_at_rpm_min,reached_hard_rpm_cap,min_feasible_rpm,best_rpm_by_power,min_fan_elec_power_W,best_Pfan_shaft_W,best_server_mean_tail_K,best_chamber_mean_tail_K,best_radiator_mean_tail_K,best_server_margin_K,best_chamber_margin_K,best_vdot_m3_s,best_mdot_kg_s,best_dp_total_Pa,fan_overhead_ratio,fan_overhead_percent,rpm_ratio_to_reference,high_rpm_model_extrapolation,design_feasible_within_preferred_rpm,limiting_temperature,highest_successful_rpm,highest_rpm_server_mean_tail_K,highest_rpm_chamber_mean_tail_K,highest_rpm_temperature_excess_K,high_rpm_cooling_gain_K_per_1000rpm,linear_projected_required_rpm,nonmonotonic_temperature_flag,search_status,meets_low_fan_2pct,meets_low_fan_5pct
1,reference_duct_1.50x,fig4d_reference,Qs1100_P101325_Ta223.15_A22_h250_Qsol500_eps1e-15_G1000000_Ars1_A1s1_Ds1.5_Ps1_R1s1_R3s1_Fs1_Ef0.6_Tcl300_Tsl330_St1_Vfig4d_reference,1100,101325,300,223.15,50,2,120,0.4,2,0.015,0.122474487139159,0.0135,0.009,0.094197,65.53218,0.6,88.468443,0.11774625,3000,500,1e-15,5.670374419e-23,2,223.15,1000000,1,1,1000000,1,900,300,300,330,0,1,fig4d_reference,1,1,1.5,1,1,1,1,NaN,100,48,0.9,0.6,1,10,10,3,1,0,0,2675,2675,8.6344431797461,7.33927670278419,322.340421394146,299.496038005097,239.156388490289,7.65957860585416,0.503961994902909,0.0855553713905404,0.098907579024223,51.1909448601218,0.00784949379976919,0.784949379976919,0.891666666666667,0,1,chamber,3000,315.638307453274,292.755082815474,-7.24491718452646,19.8332755683632,NaN,0,feasible_within_preferred_rpm,1,1
2,margin_0.0K,thermal_margin,Qs1100_P101325_Ta223.15_A22_h250_Qsol500_eps1e-15_G1000000_Ars1_A1s1_Ds1.5_Ps1_R1s1_R3s1_Fs1_Ef0.6_Tcl300_Tsl330_St1_Vthermal_margin,1100,101325,300,223.15,50,2,120,0.4,2,0.015,0.122474487139159,0.0135,0.009,0.094197,65.53218,0.6,88.468443,0.11774625,3000,500,1e-15,5.670374419e-23,2,223.15,1000000,1,1,1000000,1,900,300,300,330,0,1,thermal_margin,1,1,1.5,1,1,1,1,NaN,100,48,0.9,0.6,1,10,10,3,1,0,0,2675,2675,8.6344431797461,7.33927670278419,322.340421394146,299.496038005097,239.156388490289,7.65957860585416,0.503961994902909,0.0855553713905404,0.098907579024223,51.1909448601218,0.00784949379976919,0.784949379976919,0.891666666666667,0,1,chamber,3000,315.638307453274,292.755082815474,-7.24491718452646,19.8332755683632,NaN,0,feasible_within_preferred_rpm,1,1
3,margin_2.5K,thermal_margin,Qs1100_P101325_Ta223.15_A22_h250_Qsol500_eps1e-15_G1000000_Ars1_A1s1_Ds1.5_Ps1_R1s1_R3s1_Fs1_Ef0.6_Tcl297.5_Tsl327.5_St1_Vthermal_margin,1100,101325,300,223.15,50,2,120,0.4,2,0.015,0.122474487139159,0.0135,0.009,0.094197,65.53218,0.6,88.468443,0.11774625,3000,500,1e-15,5.670374419e-23,2,223.15,1000000,1,1,1000000,1,900,300,297.5,327.5,2.5,1,thermal_margin,1,1,1.5,1,1,1,1,NaN,100,48,0.9,0.6,1,10,10,4,1,0,0,2775,2775,9.69750577193056,8.24287990614098,320.007357490588,297.149063177935,239.16827591367,7.49264250941161,0.350936822064511,0.0900915163462771,0.104215239292315,53.8900302258723,0.00881591433811869,0.881591433811869,0.925,0,1,chamber,3000,315.638307453274,292.755082815474,-4.74491718452646,18.6015822298091,NaN,0,feasible_within_preferred_rpm,1,1
4,margin_5.0K,thermal_margin,Qs1100_P101325_Ta223.15_A22_h250_Qsol500_eps1e-15_G1000000_Ars1_A1s1_Ds1.5_Ps1_R1s1_R3s1_Fs1_Ef0.6_Tcl295_Tsl325_St1_Vthermal_margin,1100,101325,300,223.15,50,2,120,0.4,2,0.015,0.122474487139159,0.0135,0.009,0.094197,65.53218,0.6,88.468443,0.11774625,3000,500,1e-15,5.670374419e-23,2,223.15,1000000,1,1,1000000,1,900,300,295,325,5,1,thermal_margin,1,1,1.5,1,1,1,1,NaN,100,48,0.9,0.6,1,10,10,3,1,0,0,2900,2900,11.1414473401109,9.47023023909424,317.468971390254,294.593198031844,239.183359626919,7.5310286097461,0.406801968156117,0.0955453877136632,0.110597247983114,57.1659245186529,0.0101285884910099,1.01285884910099,0.966666666666667,0,1,chamber,3000,315.638307453274,292.755082815474,-2.24491718452646,18.1773550920298,NaN,0,feasible_within_preferred_rpm,1,1
5,env_T223.15_Q500_eps1e-15,environment_corner,Qs1100_P101325_Ta223.15_A22_h250_Qsol500_eps1e-15_G1000000_Ars1_A1s1_Ds1.5_Ps1_R1s1_R3s1_Fs1_Ef0.6_Tcl300_Tsl330_St1_Venvironment_corner,1100,101325,300,223.15,50,2,120,0.4,2,0.015,0.122474487139159,0.0135,0.009,0.094197,65.53218,0.6,88.468443,0.11774625,3000,500,1e-15,5.670374419e-23,2,223.15,1000000,1,1,1000000,1,900,300,300,330,0,1,environment_corner,1,1,1.5,1,1,1,1,NaN,100,48,0.9,0.6,1,10,10,3,1,0,0,2675,2675,8.6344431797461,7.33927670278419,322.340421394146,299.496038005097,239.156388490289,7.65957860585416,0.503961994902909,0.0855553713905404,0.098907579024223,51.1909448601218,0.00784949379976919,0.784949379976919,0.891666666666667,0,1,chamber,3000,315.638307453274,292.755082815474,-7.24491718452646,19.8332755683632,NaN,0,feasible_within_preferred_rpm,1,1
6,env_T223.15_Q500_eps0.3,environment_corner,Qs1100_P101325_Ta223.15_A22_h250_Qsol500_eps0.3_G1000000_Ars1_A1s1_Ds1.5_Ps1_R1s1_R3s1_Fs1_Ef0.6_Tcl300_Tsl330_St1_Venvironment_corner,1100,101325,300,223.15,50,2,120,0.4,2,0.015,0.122474487139159,0.0135,0.009,0.094197,65.53218,0.6,88.468443,0.11774625,3000,500,0.3,1.7011123257e-08,2,223.15,1000000,1,1,1000000,1,900,300,300,330,0,1,environment_corner,1,1,1.5,1,1,1,1,NaN,100,48,0.9,0.6,1,10,10,4,1,0,0,2650,2650,8.38174352845363,7.12448199918559,322.710994109266,299.871117035167,238.888555845093,7.28900589073436,0.128882964833394,0.0844020662507606,0.0975569861068449,50.485249306929,0.00761976684404876,0.761976684404876,0.883333333333333,0,1,chamber,3000,315.382870697744,292.498111390297,-7.50188860970326,19.7966058135053,NaN,0,feasible_within_preferred_rpm,1,1
7,env_T223.15_Q500_eps0.9,environment_corner,Qs1100_P101325_Ta223.15_A22_h250_Qsol500_eps0.9_G1000000_Ars1_A1s1_Ds1.5_Ps1_R1s1_R3s1_Fs1_Ef0.6_Tcl300_Tsl330_St1_Venvironment_corner,1100,101325,300,223.15,50,2,120,0.4,2,0.015,0.122474487139159,0.0135,0.009,0.094197,65.53218,0.6,88.468443,0.11774625,3000,500,0.9,5.1033369771e-08,2,223.15,1000000,1,1,1000000,1,900,300,300,330,0,1,environment_corner,1,1,1.5,1,1,1,1,NaN,100,48,0.9,0.6,1,10,10,4,1,0,0,2650,2650,8.38292241405687,7.12548405194834,322.233599399384,299.388103900469,238.39040762574,7.76640060061595,0.611896099530895,0.0844350893116549,0.0975929512397097,50.4632619092323,0.00762083855823352,0.762083855823352,0.883333333333333,0,1,chamber,3000,314.889878434514,292.004543781262,-7.9954562187379,19.8157642782899,NaN,0,feasible_within_preferred_rpm,1,1
8,env_T223.15_Q1500_eps1e-15,environment_corner,Qs1100_P101325_Ta223.15_A22_h250_Qsol1500_eps1e-15_G1000000_Ars1_A1s1_Ds1.5_Ps1_R1s1_R3s1_Fs1_Ef0.6_Tcl300_Tsl330_St1_Venvironment_corner,1100,101325,300,223.15,50,2,120,0.4,2,0.015,0.122474487139159,0.0135,0.009,0.094197,65.53218,0.6,88.468443,0.11774625,3000,1500,1e-15,5.670374419e-23,2,223.15,1000000,1,1,1000000,1,900,300,300,330,0,1,environment_corner,1,1,1.5,1,1,1,1,NaN,100,48,0.9,0.6,1,11,11,4,1,0,0,3175,3175,14.7653116124492,12.5505148705818,322.537873171234,299.671431933821,249.193153605438,7.46212682876558,0.32856806617923,0.106682756172757,0.12368300295544,65.0403157622083,0.013423010556772,1.3423010556772,1.05833333333333,0,1,chamber,4000,313.003456757165,290.100590912047,-9.89940908795279,10.3744450014923,NaN,0,feasible_within_preferred_rpm,1,1
9,env_T223.15_Q1500_eps0.3,environment_corner,Qs1100_P101325_Ta223.15_A22_h250_Qsol1500_eps0.3_G1000000_Ars1_A1s1_Ds1.5_Ps1_R1s1_R3s1_Fs1_Ef0.6_Tcl300_Tsl330_St1_Venvironment_corner,1100,101325,300,223.15,50,2,120,0.4,2,0.015,0.122474487139159,0.0135,0.009,0.094197,65.53218,0.6,88.468443,0.11774625,3000,1500,0.3,1.7011123257e-08,2,223.15,1000000,1,1,1000000,1,900,300,300,330,0,1,environment_corner,1,1,1.5,1,1,1,1,NaN,100,48,0.9,0.6,1,12,12,4,1,0,0,3125,3125,14.0521010223006,11.9442858689555,322.858246359048,299.995253610048,248.73010132768,7.14175364095183,0.00474638995200394,0.104622360231132,0.121268950228965,63.6971234016285,0.0127746372930005,1.27746372930005,1.04166666666667,0,1,chamber,4000,312.555367223208,289.651221141077,-10.3487788589229,10.365632903301,NaN,0,feasible_within_preferred_rpm,1,1
10,env_T223.15_Q1500_eps0.9,environment_corner,Qs1100_P101325_Ta223.15_A22_h250_Qsol1500_eps0.9_G1000000_Ars1_A1s1_Ds1.5_Ps1_R1s1_R3s1_Fs1_Ef0.6_Tcl300_Tsl330_St1_Venvironment_corner,1100,101325,300,223.15,50,2,120,0.4,2,0.015,0.122474487139159,0.0135,0.009,0.094197,65.53218,0.6,88.468443,0.11774625,3000,1500,0.9,5.1033369771e-08,2,223.15,1000000,1,1,1000000,1,900,300,300,330,0,1,environment_corner,1,1,1.5,1,1,1,1,NaN,100,48,0.9,0.6,1,11,11,5,1,0,0,3075,3075,13.3630057307342,11.3585548711241,322.82596673621,299.962864578489,247.864501280422,7.17403326378991,0.0371354215113229,0.102567683356146,0.118859559253134,62.3259154786356,0.0121481870279402,1.21481870279402,1.025,0,1,chamber,4000,311.70710777073,288.802022835751,-11.1979771642487,10.3843977774718,NaN,0,feasible_within_preferred_rpm,1,1
11,env_T243.15_Q500_eps1e-15,environment_corner,Qs1100_P101325_Ta243.15_A22_h250_Qsol500_eps1e-15_G1000000_Ars1_A1s1_Ds1.5_Ps1_R1s1_R3s1_Fs1_Ef0.6_Tcl300_Tsl330_St1_Venvironment_corner,1100,101325,300,243.15,50,2,120,0.4,2,0.015,0.122474487139159,0.0135,0.009,0.094197,65.53218,0.6,88.468443,0.11774625,3000,500,1e-15,5.670374419e-23,2,243.15,1000000,1,1,1000000,1,900,300,300,330,0,1,environment_corner,1,1,1.5,1,1,1,1,NaN,100,48,0.9,0.6,1,12,12,1,1,0,0,4000,4000,30.1649130135673,25.6401760615322,322.775773924467,299.891663293201,259.256159950074,7.22422607553318,0.108336706799321,0.139576922072806,0.162242967014872,88.3770138318675,0.0274226481941521,2.74226481941521,1.33333333333333,0,1,chamber,4000,322.775773924467,299.891663293201,-0.108336706799321,8.97083265086849,NaN,0,feasible_within_preferred_rpm,0,1
12,env_T243.15_Q500_eps0.3,environment_corner,Qs1100_P101325_Ta243.15_A22_h250_Qsol500_eps0.3_G1000000_Ars1_A1s1_Ds1.5_Ps1_R1s1_R3s1_Fs1_Ef0.6_Tcl300_Tsl330_St1_Venvironment_corner,1100,101325,300,243.15,50,2,120,0.4,2,0.015,0.122474487139159,0.0135,0.009,0.094197,65.53218,0.6,88.468443,0.11774625,3000,500,0.3,1.7011123257e-08,2,243.15,1000000,1,1,1000000,1,900,300,300,330,0,1,environment_corner,1,1,1.5,1,1,1,1,NaN,100,48,0.9,0.6,1,12,12,2,1,0,0,3975,3975,29.5893417367506,25.150940476238,322.673717939957,299.787791485211,258.915505783491,7.3262820600425,0.212208514788927,0.138600107196294,0.161097523748931,87.6251429352075,0.0268994015788642,2.68994015788642,1.325,0,1,chamber,4000,322.450438103639,299.563598155644,-0.436401844355828,8.96773318267606,NaN,0,feasible_within_preferred_rpm,0,1
13,env_T243.15_Q500_eps0.9,environment_corner,Qs1100_P101325_Ta243.15_A22_h250_Qsol500_eps0.9_G1000000_Ars1_A1s1_Ds1.5_Ps1_R1s1_R3s1_Fs1_Ef0.6_Tcl300_Tsl330_St1_Venvironment_corner,1100,101325,300,243.15,50,2,120,0.4,2,0.015,0.122474487139159,0.0135,0.009,0.094197,65.53218,0.6,88.468443,0.11774625,3000,500,0.9,5.1033369771e-08,2,243.15,1000000,1,1,1000000,1,900,300,300,330,0,1,environment_corner,1,1,1.5,1,1,1,1,NaN,100,48,0.9,0.6,1,11,11,3,1,0,0,3900,3900,27.9046182924958,23.7189255486214,322.745027390615,299.859960599487,258.275275817746,7.25497260938488,0.140039400512592,0.135652082018162,0.157642757498451,85.428128299752,0.0253678348113598,2.53678348113598,1.3,0,1,chamber,4000,321.830345885495,298.942167551344,-1.05783244865614,9.11340855557834,NaN,0,feasible_within_preferred_rpm,0,1
14,env_T243.15_Q1500_eps1e-15,environment_corner,Qs1100_P101325_Ta243.15_A22_h250_Qsol1500_eps1e-15_G1000000_Ars1_A1s1_Ds1.5_Ps1_R1s1_R3s1_Fs1_Ef0.6_Tcl300_Tsl330_St1_Venvironment_corner,1100,101325,300,243.15,50,2,120,0.4,2,0.015,0.122474487139159,0.0135,0.009,0.094197,65.53218,0.6,88.468443,0.11774625,3000,1500,1e-15,5.670374419e-23,2,243.15,1000000,1,1,1000000,1,900,300,300,330,0,1,environment_corner,1,1,1.5,1,1,1,1,NaN,100,48,0.9,0.6,1,14,14,4,1,0,0,5600,5600,84.0753571171949,71.4640535496157,322.820795134758,299.920096077023,269.437161412965,7.17920486524162,0.0799039229769392,0.200324236308309,0.233401982514284,147.622251434029,0.0764321428338135,7.64321428338135,1.86666666666667,1,0,chamber,6750,319.019047359008,296.111026130887,-3.8889738691127,3.14018275596092,NaN,0,feasible_only_above_preferred_rpm_model_extrapolation,0,0
15,env_T243.15_Q1500_eps0.3,environment_corner,Qs1100_P101325_Ta243.15_A22_h250_Qsol1500_eps0.3_G1000000_Ars1_A1s1_Ds1.5_Ps1_R1s1_R3s1_Fs1_Ef0.6_Tcl300_Tsl330_St1_Venvironment_corner,1100,101325,300,243.15,50,2,120,0.4,2,0.015,0.122474487139159,0.0135,0.009,0.094197,65.53218,0.6,88.468443,0.11774625,3000,1500,0.3,1.7011123257e-08,2,243.15,1000000,1,1,1000000,1,900,300,300,330,0,1,environment_corner,1,1,1.5,1,1,1,1,NaN,100,48,0.9,0.6,1,14,14,6,1,0,0,5450,5450,77.4675137301094,65.847386670593,322.873291725881,299.974317524989,268.826625911216,7.12670827411881,0.0256824750109104,0.194837728874804,0.226979162989681,140.486496677569,0.0704250124819177,7.04250124819177,1.81666666666667,1,0,chamber,6750,318.433250532621,295.525229952407,-4.47477004759259,3.14739583574757,NaN,0,feasible_only_above_preferred_rpm_model_extrapolation,0,0
16,env_T243.15_Q1500_eps0.9,environment_corner,Qs1100_P101325_Ta243.15_A22_h250_Qsol1500_eps0.9_G1000000_Ars1_A1s1_Ds1.5_Ps1_R1s1_R3s1_Fs1_Ef0.6_Tcl300_Tsl330_St1_Venvironment_corner,1100,101325,300,243.15,50,2,120,0.4,2,0.015,0.122474487139159,0.0135,0.009,0.094197,65.53218,0.6,88.468443,0.11774625,3000,1500,0.9,5.1033369771e-08,2,243.15,1000000,1,1,1000000,1,900,300,300,330,0,1,environment_corner,1,1,1.5,1,1,1,1,NaN,100,48,0.9,0.6,1,14,14,6,1,0,0,5225,5225,68.1975978074076,57.9679581362964,322.843217988694,299.944745684436,267.709075052152,7.15678201130623,0.0552543155642411,0.18651511738307,0.217233774485641,130.591884695641,0.0619978161885523,6.19978161885523,1.74166666666667,1,0,chamber,6750,317.349986904532,294.441025236286,-5.55897476371359,3.16158587471299,NaN,0,feasible_only_above_preferred_rpm_model_extrapolation,0,0
17,conv_baseline_time_1.0x,convergence_check,Qs1100_P101325_Ta223.15_A22_h250_Qsol500_eps1e-15_G1000000_Ars1_A1s1_Ds1.5_Ps1_R1s1_R3s1_Fs1_Ef0.6_Tcl300_Tsl330_St1_Vconv_baseline,1100,101325,300,223.15,50,2,120,0.4,2,0.015,0.122474487139159,0.0135,0.009,0.094197,65.53218,0.6,88.468443,0.11774625,3000,500,1e-15,5.670374419e-23,2,223.15,1000000,1,1,1000000,1,900,300,300,330,0,1,conv_baseline,1,1,1.5,1,1,1,1,NaN,100,48,0.9,0.6,1,10,10,3,1,0,0,2675,2675,8.6344431797461,7.33927670278419,322.340421394146,299.496038005097,239.156388490289,7.65957860585416,0.503961994902909,0.0855553713905404,0.098907579024223,51.1909448601218,0.00784949379976919,0.784949379976919,0.891666666666667,0,1,chamber,3000,315.638307453274,292.755082815474,-7.24491718452646,19.8332755683632,NaN,0,feasible_within_preferred_rpm,1,1
18,conv_baseline_time_2.0x,convergence_check,Qs1100_P101325_Ta223.15_A22_h250_Qsol500_eps1e-15_G1000000_Ars1_A1s1_Ds1.5_Ps1_R1s1_R3s1_Fs1_Ef0.6_Tcl300_Tsl330_St2_Vconv_baseline,1100,101325,300,223.15,50,2,120,0.4,2,0.015,0.122474487139159,0.0135,0.009,0.094197,65.53218,0.6,88.468443,0.11774625,3000,500,1e-15,5.670374419e-23,2,223.15,1000000,1,1,1000000,1,900,300,300,330,0,2,conv_baseline,1,1,1.5,1,1,1,1,NaN,100,48,0.9,0.6,1,10,9,3,1,0,0,2675,2675,8.63403652388657,7.33893104530359,322.637362039921,299.721652426652,239.193302589724,7.36263796007933,0.27834757334773,0.0855446102739778,0.0988914967363776,51.1988807485953,0.00784912411262416,0.784912411262416,0.891666666666667,0,1,chamber,3000,315.765460450013,292.849084995295,-7.15091500470533,20.180906214013,NaN,0,feasible_within_preferred_rpm,1,1
19,conv_adverse_environment_time_1.0x,convergence_check,Qs1100_P101325_Ta243.15_A22_h250_Qsol1500_eps0.3_G1000000_Ars1_A1s1_Ds1.5_Ps1_R1s1_R3s1_Fs1_Ef0.6_Tcl300_Tsl330_St1_Vconv_adverse_environment,1100,101325,300,243.15,50,2,120,0.4,2,0.015,0.122474487139159,0.0135,0.009,0.094197,65.53218,0.6,88.468443,0.11774625,3000,1500,0.3,1.7011123257e-08,2,243.15,1000000,1,1,1000000,1,900,300,300,330,0,1,conv_adverse_environment,1,1,1.5,1,1,1,1,NaN,100,48,0.9,0.6,1,14,14,6,1,0,0,5450,5450,77.4675137301094,65.847386670593,322.873291725881,299.974317524989,268.826625911216,7.12670827411881,0.0256824750109104,0.194837728874804,0.226979162989681,140.486496677569,0.0704250124819177,7.04250124819177,1.81666666666667,1,0,chamber,6750,318.433250532621,295.525229952407,-4.47477004759259,3.14739583574757,NaN,0,feasible_only_above_preferred_rpm_model_extrapolation,0,0
20,conv_adverse_environment_time_2.0x,convergence_check,Qs1100_P101325_Ta243.15_A22_h250_Qsol1500_eps0.3_G1000000_Ars1_A1s1_Ds1.5_Ps1_R1s1_R3s1_Fs1_Ef0.6_Tcl300_Tsl330_St2_Vconv_adverse_environment,1100,101325,300,243.15,50,2,120,0.4,2,0.015,0.122474487139159,0.0135,0.009,0.094197,65.53218,0.6,88.468443,0.11774625,3000,1500,0.3,1.7011123257e-08,2,243.15,1000000,1,1,1000000,1,900,300,300,330,0,2,conv_adverse_environment,1,1,1.5,1,1,1,1,NaN,100,48,0.9,0.6,1,14,13,5,1,0,0,5475,5475,78.5449981474986,66.7632484253738,322.814201230529,299.897561711698,268.83927828008,7.18579876947064,0.102438288302267,0.195756534585789,0.228053425198803,141.639531005236,0.0714045437704533,7.14045437704533,1.825,1,0,chamber,6750,318.455950055276,295.539291245177,-4.46070875482303,3.15842270424901,NaN,0,feasible_only_above_preferred_rpm_model_extrapolation,0,0
21,conv_near_boundary_time_1.0x,convergence_check,Qs1100_P101325_Ta223.15_A21_h250_Qsol500_eps1e-15_G1000000_Ars1_A1s1_Ds1.5_Ps1_R1s1_R3s1_Fs1_Ef0.6_Tcl300_Tsl330_St1_Vconv_near_boundary,1100,101325,300,223.15,50,1,120,0.4,2,0.015,0.122474487139159,0.0135,0.009,0.094197,65.53218,0.6,88.468443,0.11774625,3000,500,1e-15,5.670374419e-23,1,223.15,1000000,1,1,1000000,1,900,300,300,330,0,1,conv_near_boundary,1,1,1.5,1,1,1,1,NaN,50,48,0.9,0.6,1,12,12,3,1,0,0,3625,3625,22.271243443043,18.9305569265865,322.599346468312,299.735418012689,255.284173686207,7.40065353168796,0.264581987310692,0.124784211358511,0.144904903582545,77.5224736858509,0.0202465849482209,2.02465849482209,1.20833333333333,0,1,chamber,4000,318.937060192509,296.054411580895,-3.94558841910452,9.44577764116639,NaN,0,feasible_within_preferred_rpm,0,1
22,conv_near_boundary_time_2.0x,convergence_check,Qs1100_P101325_Ta223.15_A21_h250_Qsol500_eps1e-15_G1000000_Ars1_A1s1_Ds1.5_Ps1_R1s1_R3s1_Fs1_Ef0.6_Tcl300_Tsl330_St2_Vconv_near_boundary,1100,101325,300,223.15,50,1,120,0.4,2,0.015,0.122474487139159,0.0135,0.009,0.094197,65.53218,0.6,88.468443,0.11774625,3000,500,1e-15,5.670374419e-23,1,223.15,1000000,1,1,1000000,1,900,300,300,330,0,2,conv_near_boundary,1,1,1.5,1,1,1,1,NaN,50,48,0.9,0.6,1,12,11,3,1,0,0,3625,3625,22.2707848987495,18.9301671639371,322.809335819551,299.893253407563,255.342837955235,7.19066418044889,0.106746592436991,0.12477977853004,0.14489721662445,77.5345543442527,0.0202461680897723,2.02461680897723,1.20833333333333,0,1,chamber,4000,319.067367550427,296.151014284755,-3.84898571524513,9.59912504742738,NaN,0,feasible_within_preferred_rpm,0,1
