case_id,Q_server_W,A1_scale,A1_m2,h1_scale,h1_W_m2K,UA_int_W_K,predicted_internal_deltaT_K,UA_ext_W_K,A2_m2,duct_scale,num_simulations,has_feasible_point,min_feasible_rpm,min_fan_elec_power_W,fan_overhead_percent,ratio_to_1p1kW_reference,ratio_to_linear_Pfan,server_mean_tail_K,chamber_mean_tail_K,radiator_mean_tail_K,server_minus_chamber_K,internal_deltaT_model_error_K,vdot_m3_s,mdot_kg_s,dp_total_Pa,within_preferred_rpm,left_censored,search_status,meets_0p8pct,meets_1pct,meets_2pct,meets_5pct
49,2550,3,1.2,1,120,144,17.7083333333333,175,3.5,1.5,20,1,6950,161.221540875583,6.32241336766991,8.054549325807,8.054549325807,317.593548341735,299.885316043726,240.890787618025,17.7082322980087,-0.000101035324590271,0.249814995158561,0.289437613983213,218.777904450008,0,0,high_rpm_model_extrapolation,0,0,0,0
29,2550,2,0.8,1,120,96,26.5625,175,3.5,2,19,1,7575,214.741529401515,8.42123644711825,10.7283817749797,10.7283817749797,326.556330590925,299.994498839382,240.830840385469,26.5618317515425,-0.000668248457486698,0.283763618897267,0.328478243442304,155.825720839993,0,0,high_rpm_model_extrapolation,0,0,0,0
57,2550,3,1.2,1,120,144,17.7083333333333,175,3.5,2.5,19,1,8250,280.883289721864,11.0150309694849,14.0327917694672,14.0327917694672,317.66969705034,299.961461243571,240.798637693057,17.708235806769,-9.75265643461398e-05,0.314414013341802,0.363775545931946,122.536540336686,0,0,high_rpm_model_extrapolation,0,0,0,0
50,2550,3,1.2,1,120,144,17.7083333333333,200,4,1.5,18,1,6625,139.609789722553,5.4748937146099,6.97483680889537,6.97483680889537,317.667588940209,299.95935964035,238.63728658848,17.7082292998585,-0.00010403347478416,0.238040862399919,0.275664574471081,199.43526830482,0,0,high_rpm_model_extrapolation,0,0,0,0
54,2550,3,1.2,1,120,144,17.7083333333333,200,4,2,20,1,7250,188.23892976958,7.38191881449333,9.40432486026333,9.40432486026333,317.62205712971,299.913839426004,238.594542494617,17.7082177037061,-0.000115629627273961,0.271525186748243,0.314169239537182,143.36334503567,0,0,high_rpm_model_extrapolation,0,0,0,0
58,2550,3,1.2,1,120,144,17.7083333333333,200,4,2.5,20,1,7900,246.522675483678,9.66755590132072,12.316152288518,12.316152288518,317.614404048823,299.906184558049,238.572072630561,17.7082194907742,-0.000113842559088084,0.300896678573891,0.347976714481623,114.432995813353,0,0,high_rpm_model_extrapolation,0,0,0,0
39,2550,2.5,1,1,120,120,21.25,250,5,1.5,18,1,6250,117.181092820447,4.59533697335087,5.8543100819427,5.8543100819427,321.066260212829,299.816490883532,235.509892348446,21.2497693292968,-0.00023067070316074,0.22445601888469,0.259765279458631,178.221115206705,0,0,high_rpm_model_extrapolation,0,0,0,1
55,2550,3,1.2,1,120,144,17.7083333333333,250,5,2,19,1,6825,156.962350923188,6.15538631071326,7.84176227903131,7.84176227903131,317.63626582058,299.928050359841,235.481344236084,17.7082154607392,-0.000117872594174173,0.255436403033069,0.295352509725281,128.620407907426,0,0,high_rpm_model_extrapolation,0,0,0,0
59,2550,3,1.2,1,120,144,17.7083333333333,250,5,2.5,20,1,7450,206.587907927951,8.10148658540983,10.3210308342424,10.3210308342424,317.595891861129,299.887683308575,235.469059351439,17.7082085525541,-0.00012478077924527,0.283453492400531,0.327582457282583,105.076114438605,0,0,high_rpm_model_extrapolation,0,0,0,0
29,2550,2,0.8,1,120,96,26.5625,300,6,1,18,1,5975,94.4129024345459,3.70246676213905,4.71682242659192,4.71682242659192,326.373756571331,299.811948304986,233.476654766195,26.5618082663452,-0.000691733654775817,0.179736089387737,0.208256807629008,267.429119416236,0,0,high_rpm_model_extrapolation,0,0,0,1
64,2550,2.25,0.9,1,120,108,23.6111111111111,300,6,1.25,18,1,5800,90.8791371157636,3.56388773002994,4.54027723969333,4.54027723969333,323.517903069478,299.907232542632,233.451375551679,23.6106705268463,-0.000440584264847388,0.198340357653866,0.229590385533069,204.008272156553,0,0,high_rpm_model_extrapolation,0,0,0,1
43,2550,2,0.8,1,120,96,26.5625,300,6,1.5,18,1,6000,103.648838357461,4.06466032774355,5.1782452678394,5.1782452678394,326.4838231015,299.922066692675,233.434706782073,26.561756408825,-0.000743591175023539,0.215396985131925,0.249162207658738,164.754082263809,0,0,high_rpm_model_extrapolation,0,0,0,1
78,2550,2.25,0.9,1,120,108,23.6111111111111,300,6,1.75,19,1,6275,120.643500407326,4.7311176630324,6.02729027145775,6.02729027145774,323.526162580844,299.915457108558,233.423134741599,23.6107054722862,-0.00040563882495448,0.231161251097433,0.267262204726289,138.374585129704,0,0,high_rpm_model_extrapolation,0,0,0,1
56,2550,3,1.2,1,120,144,17.7083333333333,300,6,2,18,1,6575,140.265096122722,5.50059200481264,7.00757559612578,7.00757559612578,317.609560982956,299.901349255459,233.415739857206,17.7082117274975,-0.000121605835843752,0.245900361722748,0.284194875010601,120.945677542203,0,0,high_rpm_model_extrapolation,0,0,0,0
60,2550,3,1.2,1,120,144,17.7083333333333,300,6,2.5,20,1,7175,184.434029084676,7.23270702292845,9.21423388309043,9.21423388309043,317.602886914198,299.894686120824,233.407346737105,17.7082007933737,-0.000132539959636802,0.272765857924283,0.315082978499897,99.808433707236,0,0,high_rpm_model_extrapolation,0,0,0,0
58,2550,2.25,0.9,1,120,108,23.6111111111111,350,7,1,18,1,5800,86.338852402585,3.38583734912098,4.31344683615733,4.31344683615733,323.583817861431,299.973114958275,231.989734677623,23.6107029031564,-0.000408207954730955,0.174342090801094,0.201937104051534,252.11047966245,0,0,high_rpm_model_extrapolation,0,0,0,1
37,2550,2,0.8,1,120,96,26.5625,350,7,1.25,19,1,5650,83.9921970964126,3.29381165083971,4.19620908485201,4.19620908485201,326.437063911851,299.875229751602,231.971075753808,26.5618341602488,-0.000665839751150088,0.193142773891391,0.223502202059569,193.864823203866,0,0,high_rpm_model_extrapolation,0,0,0,1
72,2550,2.25,0.9,1,120,108,23.6111111111111,350,7,1.5,19,1,5850,96.0531035190566,3.76678837329634,4.79876607052241,4.79876607052241,323.457066354043,299.84635431249,231.958291444397,23.610712041553,-0.000399069558138621,0.209962712970637,0.242798880663629,156.919796712549,0,0,high_rpm_model_extrapolation,0,0,0,1
79,2550,2.25,0.9,1,120,108,23.6111111111111,350,7,1.75,18,1,6125,112.16495708126,4.39862576789257,5.60370639389457,5.60370639389457,323.407307104774,299.796651578262,231.949544097294,23.6106555265114,-0.00045558459973094,0.225542474377859,0.260683919357548,132.534493035576,0,0,high_rpm_model_extrapolation,0,0,0,1
31,2550,2,0.8,1,120,96,26.5625,400,8,1,18,1,5700,81.9396069903179,3.21331792118894,4.09366268711002,4.09366268711002,326.41648494271,299.854702568953,230.879101574199,26.5617823737574,-0.000717626242590086,0.171265344677572,0.198329896612123,243.554852749779,0,0,high_rpm_model_extrapolation,0,0,0,1
66,2550,2.25,0.9,1,120,108,23.6111111111111,400,8,1.25,18,1,5550,79.6000600972318,3.12157098420517,3.97678006864564,3.97678006864564,323.389655670847,299.778966736857,230.863670481756,23.6106889339898,-0.000422177121347289,0.189678602401536,0.219443207071925,187.242139675776,0,0,high_rpm_model_extrapolation,0,0,0,1
73,2550,2.25,0.9,1,120,108,23.6111111111111,400,8,1.5,18,1,5725,90.0132431313421,3.52993110318989,4.49701759975586,4.49701759975586,323.565028664194,299.954383080778,230.852192544754,23.6106455834163,-0.000465527694839096,0.205430197387094,0.237492838781843,150.559884847644,0,0,high_rpm_model_extrapolation,0,0,0,1
80,2550,2.25,0.9,1,120,108,23.6111111111111,400,8,1.75,18,1,6000,105.402457423548,4.13342970288422,5.26585521865469,5.26585521865469,323.482015818955,299.871324207765,230.845518140985,23.6106916111905,-0.000419499920635502,0.220835074995817,0.255174070079671,127.944346391838,0,0,high_rpm_model_extrapolation,0,0,0,1
60,2550,2.25,0.9,1,120,108,23.6111111111111,500,10,1,18,1,5550,75.6241756093734,2.96565394546562,3.7781468243084,3.7781468243084,323.464445091682,299.853751263912,229.326897414145,23.6106938277699,-0.000417283341246133,0.166644330675105,0.192913391410474,231.003347477832,0,0,high_rpm_model_extrapolation,0,0,0,1
67,2550,2.25,0.9,1,120,108,23.6111111111111,500,10,1.25,19,1,5400,73.3025886286016,2.87461131876869,3.66216147427872,3.66216147427872,323.418731292121,299.808085676666,229.315398407892,23.6106456154554,-0.000465495655728176,0.184479587555017,0.213352657711156,177.533425231957,0,0,high_rpm_model_extrapolation,0,0,0,1
74,2550,2.25,0.9,1,120,108,23.6111111111111,500,10,1.5,18,1,5575,83.1005604560637,3.25884550808093,4.15166335441559,4.15166335441559,323.558411197919,299.947728741008,229.307184830281,23.6106824569111,-0.000428654199961187,0.199969893992498,0.231098065429431,143.223489540961,0,0,high_rpm_model_extrapolation,0,0,0,1
81,2550,2.25,0.9,1,120,108,23.6111111111111,500,10,1.75,19,1,5850,97.6457056757799,3.82924335983451,4.87833169530212,4.87833169530213,323.437046195824,299.826397088421,229.302700063078,23.6106491074034,-0.000462003707720982,0.215162334981664,0.248512279983039,122.706162128755,0,0,high_rpm_model_extrapolation,0,0,0,1
61,2550,2.25,0.9,1,120,108,23.6111111111111,600,12,1,18,1,5450,71.5999862022642,2.80784259616722,3.57710028983218,3.57710028983218,323.516863592813,299.906186948143,228.293995379002,23.6106766446707,-0.000434466440392356,0.163567274099053,0.189290363704769,222.817031277036,0,0,high_rpm_model_extrapolation,0,0,0,1
68,2550,2.25,0.9,1,120,108,23.6111111111111,600,12,1.25,18,1,5300,69.2952606855862,2.71746120335632,3.46195733030139,3.46195733030139,323.498589183401,299.887930850371,228.284896545788,23.6106583330296,-0.000452778081548644,0.181017381034429,0.209264835788898,171.189729872916,0,0,high_rpm_model_extrapolation,0,0,0,1
75,2550,2.25,0.9,1,120,108,23.6111111111111,600,12,1.5,18,1,5500,79.7790203316604,3.12858903261413,3.98572083442504,3.98572083442504,323.363043014184,299.752396608163,228.279158579906,23.6106464060217,-0.000464705089395778,0.197231974984363,0.227834061425673,139.667381155244,0,0,high_rpm_model_extrapolation,0,0,0,1
82,2550,2.25,0.9,1,120,108,23.6111111111111,600,12,1.75,18,1,5750,92.6880381680319,3.63482502619733,4.63064905149882,4.63064905149882,323.467880236666,299.857248865742,228.275292313306,23.610631370924,-0.000479740187156352,0.211367510600239,0.244013558821042,119.359850246095,0,0,high_rpm_model_extrapolation,0,0,0,1
62,2550,2.25,0.9,1,120,108,23.6111111111111,750,15,1,18,1,5375,68.6795982322255,2.69331757773433,3.431199135263,3.431199135263,323.346218614511,299.735554536301,227.26321183104,23.6106640782094,-0.000447032901686129,0.161277186466551,0.186557638164234,216.759426301015,0,0,high_rpm_model_extrapolation,0,0,0,1
69,2550,2.25,0.9,1,120,108,23.6111111111111,750,15,1.25,18,1,5225,66.3888720914475,2.60348518005676,3.31675557770483,3.31675557770483,323.346572632679,299.735964660774,227.256199509409,23.6106079719054,-0.000503139205729752,0.178427001538428,0.206182165207715,166.484470592952,0,0,high_rpm_model_extrapolation,0,0,0,1
76,2550,2.25,0.9,1,120,108,23.6111111111111,750,15,1.5,19,1,5400,75.4830104635851,2.96011805739549,3.77109428267121,3.77109428267121,323.460802517903,299.850172965709,227.251471481878,23.6106295521946,-0.000481558916501257,0.193555346666024,0.223486376249634,135.13923838975,0,0,high_rpm_model_extrapolation,0,0,0,1
83,2550,2.25,0.9,1,120,108,23.6111111111111,750,15,1.75,19,1,5650,87.8977447572162,3.44697038263593,4.39132833571259,4.39132833571259,323.538460604707,299.927860544998,227.248730741621,23.6106000597093,-0.000511051401783646,0.207561145454627,0.239500371667319,116.132724571478,0,0,high_rpm_model_extrapolation,0,0,0,1
63,2550,2.25,0.9,1,120,108,23.6111111111111,1000,20,1,18,1,5275,64.9082038079143,2.54541975717311,3.24278211448083,3.24278211448083,323.477120046761,299.866441651084,226.232989756069,23.6106783956772,-0.000432715433955622,0.158202337104096,0.182923393464528,208.829968601865,0,0,high_rpm_model_extrapolation,0,0,0,1
70,2550,2.25,0.9,1,120,108,23.6111111111111,1000,20,1.25,18,1,5125,62.6400751125199,2.45647353382431,3.12946751424121,3.12946751424121,323.504623107173,299.893969066672,226.228003818271,23.6106540405004,-0.000457070610675459,0.174965073443515,0.202085369932147,160.341366875194,0,0,high_rpm_model_extrapolation,0,0,0,1
77,2550,2.25,0.9,1,120,108,23.6111111111111,1000,20,1.5,18,1,5325,72.3620160989048,2.83772612152568,3.6151709307459,3.6151709307459,323.327950519606,299.717363731401,226.225095806465,23.6105867882044,-0.000524322906667152,0.190788857547117,0.220189166723534,131.839679758499,0,0,high_rpm_model_extrapolation,0,0,0,1
84,2550,2.25,0.9,1,120,108,23.6111111111111,1000,20,1.75,18,1,5575,84.4148951548869,3.31038804528968,4.21732687310421,4.21732687310421,323.377013613424,299.766422327994,226.223227785889,23.6105912854306,-0.000519825680523667,0.204704486632984,0.236096654078802,113.749518805506,0,0,high_rpm_model_extrapolation,0,0,0,1
