source,source_sha256,destination,action,destination_sha256
HAPS_new_chat_files_20260929.zip::02_reviewed/A_workload/Fig2b_request_vs_elapsed_share_values.csv,1eee0b29488cbe65abd68a90fb00311b9dbcbd2702354c19c7864a133c6ae241,data/processed/workload_occupancy.csv,unchanged bytes; renamed public path,1eee0b29488cbe65abd68a90fb00311b9dbcbd2702354c19c7864a133c6ae241
HAPS_new_chat_files_20260929.zip::02_reviewed/A_workload/Fig2c_active_user_fraction_bootstrap_ci_values.csv,38113a424c84dc05f9ab060b5f7294ea0e9b1d2cbeea52245e1cf6068e8764d8,data/processed/activity_statistics.csv,unchanged bytes; renamed public path,38113a424c84dc05f9ab060b5f7294ea0e9b1d2cbeea52245e1cf6068e8764d8
HAPS_new_chat_files_20260929.zip::02_reviewed/A_workload/Fig2c_active_user_fraction_bootstrap_ci_raw.csv,04b85796211666eccacf285e6a72faf8683b696deacf29223f8c76e800032412,data/processed/activity_bootstrap_replicates.csv,unchanged bytes; renamed public path,04b85796211666eccacf285e6a72faf8683b696deacf29223f8c76e800032412
HAPS_new_chat_files_20260929.zip::02_reviewed/B_serving/nim_benchmark_full_type_labels_corrected.csv,840dadea5b0f460d44f7308f69b4373bd44691574d6178240e999da9b8486f34,data/processed/nim_benchmark.csv,unchanged bytes; renamed public path,840dadea5b0f460d44f7308f69b4373bd44691574d6178240e999da9b8486f34
HAPS_new_chat_files_20260929.zip::02_reviewed/B_serving/Fig3b_Cmax_by_SLO_values.csv,23623837a41ad8ba73ee00f347852f01144a8f1817eddfdf44342b116df8292b,data/results/reference/serving_capacity_by_slo.csv,unchanged bytes; renamed public path,23623837a41ad8ba73ee00f347852f01144a8f1817eddfdf44342b116df8292b
HAPS_new_chat_files_20260929.zip::02_reviewed/B_serving/Fig3b_Cmax_interpolation_sensitivity.csv,e87c49723b5c529562d56f56f2b1e243e6f8349609b3b83b59894b9d757cfd44,data/results/reference/serving_capacity_interpolation.csv,unchanged bytes; renamed public path,e87c49723b5c529562d56f56f2b1e243e6f8349609b3b83b59894b9d757cfd44
HAPS_new_chat_files_20260929.zip::02_reviewed/B_serving/Fig3c_normalized_budget_contribution_values.csv,37c941f80ee429c095211515b699a25cc7e4a0d3b522846a55e7a1c8b07d0c4a,data/results/reference/serving_budget_contributions.csv,unchanged bytes; renamed public path,37c941f80ee429c095211515b699a25cc7e4a0d3b522846a55e7a1c8b07d0c4a
HAPS_new_chat_files_20260929.zip::02_reviewed/C_exact/exact_reliability_hardware_registry.csv,edc57fe9ab8122efac459ed2ccb123426cd3a0d98d576173169fb5545a6537ae,data/processed/hardware_registry.csv,column-only migration; numeric text preserved,b04dd0142454bdacc54c8102358b06030b3fba9ffc2be70340b4bbcb56f69c4d
HAPS_new_chat_files_20260929.zip::02_reviewed/C_exact/exact_reliability_platform_deployments.csv,712c234b7fb6078e1f4be279d05cc251b730d3c6fab2882059ba00cae96432be,data/processed/platform_deployments.csv,column-only migration; numeric text preserved,df4c555967deba9d9cf5d5c4306981514b8315bbb4cee6381eeefac5120a7665
HAPS_new_chat_files_20260929.zip::02_reviewed/D_mapping/exact_reliability_mapping_alpha_fullprecision.csv,68bf53f3dd8d2700eb94b10cd0c108fb3958564146a8d208fad55cc9262db037,data/processed/mapping_activity.csv,column-only migration; numeric text preserved,f689bc74b8e2a440914d204a899ea6f5cc851f5400b86e0a88bf54a7b084c796
HAPS_new_chat_files_20260929.zip::02_reviewed/C_exact/01_general_slo_cmax_registry.csv,9e43e86e54bbbdec51d11b11e7e797c20a45e46543c5daf0f0fb825e58be0485,data/results/reference/exact/general_slo_capacity.csv,unchanged bytes; renamed public path,9e43e86e54bbbdec51d11b11e7e797c20a45e46543c5daf0f0fb825e58be0485
HAPS_new_chat_files_20260929.zip::02_reviewed/C_exact/02_single_instance_exact.csv,588ab8e3c84e71e9d34dbdae8cf27c41920f45ccfee96a0a1e1e6d78c08fcfca,data/results/reference/exact/single_instance_exact.csv,unchanged bytes; renamed public path,588ab8e3c84e71e9d34dbdae8cf27c41920f45ccfee96a0a1e1e6d78c08fcfca
HAPS_new_chat_files_20260929.zip::02_reviewed/C_exact/03_primary_exact_curve.csv,d317c2508837c68d7aa875e7015ddb1faa5cffc378a28062b32541446a3a3350,data/results/reference/exact/primary_overload_curve.csv,unchanged bytes; renamed public path,d317c2508837c68d7aa875e7015ddb1faa5cffc378a28062b32541446a3a3350
HAPS_new_chat_files_20260929.zip::02_reviewed/C_exact/04_platform_exact_assignment_comparison.csv,e0243f26ec8814f66643979faa78c5fea92b97d4cf6c6337cc2248599e4be6e3,data/results/reference/exact/platform_assignment_exact.csv,unchanged bytes; renamed public path,e0243f26ec8814f66643979faa78c5fea92b97d4cf6c6337cc2248599e4be6e3
HAPS_new_chat_files_20260929.zip::02_reviewed/C_exact/06_primary_activity_quantiles_exact.csv,785e593c2124a50a14800729d6568cbf1a1c731bb08eb017c34965c2b544aa3c,data/results/reference/exact/activity_quantiles_exact.csv,unchanged bytes; renamed public path,785e593c2124a50a14800729d6568cbf1a1c731bb08eb017c34965c2b544aa3c
HAPS_new_chat_files_20260929.zip::02_reviewed/C_exact/07_fleet_sizing_exact.csv,31375a3a0c3497139859873cd7b7d16f0db06b1d59c62479dd1c94662c6226e3,data/results/reference/exact/fleet_sizing_exact.csv,unchanged bytes; renamed public path,31375a3a0c3497139859873cd7b7d16f0db06b1d59c62479dd1c94662c6226e3
HAPS_new_chat_files_20260929.zip::02_reviewed/C_exact/neighborhoods/neighborhood_pooled_Stratobus_llama31_8b_1xH100_fp8_TP1.csv,87d1c99632bdc35a27c3edb9f064669d9ee51bda15411a053ea27eb54b8ceb8d,data/results/reference/exact/neighborhoods/neighborhood_pooled_Stratobus_llama31_8b_1xH100_fp8_TP1.csv,unchanged bytes; renamed public path,87d1c99632bdc35a27c3edb9f064669d9ee51bda15411a053ea27eb54b8ceb8d
HAPS_new_chat_files_20260929.zip::02_reviewed/C_exact/neighborhoods/neighborhood_pooled_Stratobus_llama31_8b_1xH200_fp8_TP1.csv,c2ced5e49b986ca854c3810bded7098b9a69158b69ea1e2201905b829f4e3b5b,data/results/reference/exact/neighborhoods/neighborhood_pooled_Stratobus_llama31_8b_1xH200_fp8_TP1.csv,unchanged bytes; renamed public path,c2ced5e49b986ca854c3810bded7098b9a69158b69ea1e2201905b829f4e3b5b
HAPS_new_chat_files_20260929.zip::02_reviewed/C_exact/neighborhoods/neighborhood_pooled_Stratobus_llama31_8b_1xL40S_fp8_TP1.csv,f46f512e7ee607bfb8c0f02660d10bacfbf4bf0977b29d7566a37805ea0fcfbc,data/results/reference/exact/neighborhoods/neighborhood_pooled_Stratobus_llama31_8b_1xL40S_fp8_TP1.csv,unchanged bytes; renamed public path,f46f512e7ee607bfb8c0f02660d10bacfbf4bf0977b29d7566a37805ea0fcfbc
HAPS_new_chat_files_20260929.zip::02_reviewed/C_exact/neighborhoods/neighborhood_pooled_Stratobus_llama33_70b_2xH100_fp8_TP2.csv,cdf0d24b3e7f9a5920e3ca753a8af2757fc455d6e06cbe930217a52289df0953,data/results/reference/exact/neighborhoods/neighborhood_pooled_Stratobus_llama33_70b_2xH100_fp8_TP2.csv,unchanged bytes; renamed public path,cdf0d24b3e7f9a5920e3ca753a8af2757fc455d6e06cbe930217a52289df0953
HAPS_new_chat_files_20260929.zip::02_reviewed/C_exact/neighborhoods/neighborhood_pooled_Stratobus_llama33_70b_2xH200_fp8_TP2.csv,9d613fcd400235c22362c6d7bf6b10e590955a8de8118ceb13de1a9213d8cd9d,data/results/reference/exact/neighborhoods/neighborhood_pooled_Stratobus_llama33_70b_2xH200_fp8_TP2.csv,unchanged bytes; renamed public path,9d613fcd400235c22362c6d7bf6b10e590955a8de8118ceb13de1a9213d8cd9d
HAPS_new_chat_files_20260929.zip::02_reviewed/C_exact/neighborhoods/neighborhood_pooled_Sunglider_llama31_8b_1xH100_fp8_TP1.csv,3b6fc4bf8f59f384c055aa5ac2d128ad0a49093b7b4d41d91a46eadb21cca70e,data/results/reference/exact/neighborhoods/neighborhood_pooled_Sunglider_llama31_8b_1xH100_fp8_TP1.csv,unchanged bytes; renamed public path,3b6fc4bf8f59f384c055aa5ac2d128ad0a49093b7b4d41d91a46eadb21cca70e
HAPS_new_chat_files_20260929.zip::02_reviewed/C_exact/neighborhoods/neighborhood_pooled_Sunglider_llama31_8b_1xH200_fp8_TP1.csv,a390f7c5b69d17aae8d0e1dab78903a40053112b261bcd33df8ab94dafe51e15,data/results/reference/exact/neighborhoods/neighborhood_pooled_Sunglider_llama31_8b_1xH200_fp8_TP1.csv,unchanged bytes; renamed public path,a390f7c5b69d17aae8d0e1dab78903a40053112b261bcd33df8ab94dafe51e15
HAPS_new_chat_files_20260929.zip::02_reviewed/C_exact/neighborhoods/neighborhood_pooled_Sunglider_llama31_8b_1xL40S_fp8_TP1.csv,7da52398af345a2fa98cf20f47d47db9bee9a20f21b25d14dafc44eeac91fdb6,data/results/reference/exact/neighborhoods/neighborhood_pooled_Sunglider_llama31_8b_1xL40S_fp8_TP1.csv,unchanged bytes; renamed public path,7da52398af345a2fa98cf20f47d47db9bee9a20f21b25d14dafc44eeac91fdb6
HAPS_new_chat_files_20260929.zip::02_reviewed/C_exact/neighborhoods/neighborhood_single_llama31_8b_1xH100_fp8_TP1.csv,3b6fc4bf8f59f384c055aa5ac2d128ad0a49093b7b4d41d91a46eadb21cca70e,data/results/reference/exact/neighborhoods/neighborhood_single_llama31_8b_1xH100_fp8_TP1.csv,unchanged bytes; renamed public path,3b6fc4bf8f59f384c055aa5ac2d128ad0a49093b7b4d41d91a46eadb21cca70e
HAPS_new_chat_files_20260929.zip::02_reviewed/C_exact/neighborhoods/neighborhood_single_llama31_8b_1xH200_fp8_TP1.csv,a390f7c5b69d17aae8d0e1dab78903a40053112b261bcd33df8ab94dafe51e15,data/results/reference/exact/neighborhoods/neighborhood_single_llama31_8b_1xH200_fp8_TP1.csv,unchanged bytes; renamed public path,a390f7c5b69d17aae8d0e1dab78903a40053112b261bcd33df8ab94dafe51e15
HAPS_new_chat_files_20260929.zip::02_reviewed/C_exact/neighborhoods/neighborhood_single_llama31_8b_1xL40S_fp8_TP1.csv,bedd10de803ff281dde8b4119c653be3a410c29b6ce0b256e5bfd74aac3e82ac,data/results/reference/exact/neighborhoods/neighborhood_single_llama31_8b_1xL40S_fp8_TP1.csv,unchanged bytes; renamed public path,bedd10de803ff281dde8b4119c653be3a410c29b6ce0b256e5bfd74aac3e82ac
HAPS_new_chat_files_20260929.zip::02_reviewed/C_exact/neighborhoods/neighborhood_single_llama33_70b_2xH100_fp8_TP2.csv,cdf0d24b3e7f9a5920e3ca753a8af2757fc455d6e06cbe930217a52289df0953,data/results/reference/exact/neighborhoods/neighborhood_single_llama33_70b_2xH100_fp8_TP2.csv,unchanged bytes; renamed public path,cdf0d24b3e7f9a5920e3ca753a8af2757fc455d6e06cbe930217a52289df0953
HAPS_new_chat_files_20260929.zip::02_reviewed/C_exact/neighborhoods/neighborhood_single_llama33_70b_2xH200_fp8_TP2.csv,9d613fcd400235c22362c6d7bf6b10e590955a8de8118ceb13de1a9213d8cd9d,data/results/reference/exact/neighborhoods/neighborhood_single_llama33_70b_2xH200_fp8_TP2.csv,unchanged bytes; renamed public path,9d613fcd400235c22362c6d7bf6b10e590955a8de8118ceb13de1a9213d8cd9d
HAPS_new_chat_files_20260929.zip::02_reviewed/C_exact/neighborhoods/neighborhood_single_llama33_70b_4xH100_fp8_TP4.csv,a43ad0125f2947931ca2f11b31e076edbb29faa031a36360a62052ceaaf72b09,data/results/reference/exact/neighborhoods/neighborhood_single_llama33_70b_4xH100_fp8_TP4.csv,unchanged bytes; renamed public path,a43ad0125f2947931ca2f11b31e076edbb29faa031a36360a62052ceaaf72b09
HAPS_new_chat_files_20260929.zip::02_reviewed/C_exact/neighborhoods/neighborhood_static_Stratobus_llama31_8b_1xH100_fp8_TP1.csv,0b80325fff98da213f18223d130229e715054a4da01b3590724e0f8ddbbc7c62,data/results/reference/exact/neighborhoods/neighborhood_static_Stratobus_llama31_8b_1xH100_fp8_TP1.csv,unchanged bytes; renamed public path,0b80325fff98da213f18223d130229e715054a4da01b3590724e0f8ddbbc7c62
HAPS_new_chat_files_20260929.zip::02_reviewed/C_exact/neighborhoods/neighborhood_static_Stratobus_llama31_8b_1xH200_fp8_TP1.csv,d78ab261bf31ed73784098e634f3d2af259e7af33a5539682470777c89274fc8,data/results/reference/exact/neighborhoods/neighborhood_static_Stratobus_llama31_8b_1xH200_fp8_TP1.csv,unchanged bytes; renamed public path,d78ab261bf31ed73784098e634f3d2af259e7af33a5539682470777c89274fc8
HAPS_new_chat_files_20260929.zip::02_reviewed/C_exact/neighborhoods/neighborhood_static_Stratobus_llama31_8b_1xL40S_fp8_TP1.csv,b2a4bd5dedca962c1ae8296c75152f13bcc475cdad1bf288b15e455c3f12ab41,data/results/reference/exact/neighborhoods/neighborhood_static_Stratobus_llama31_8b_1xL40S_fp8_TP1.csv,unchanged bytes; renamed public path,b2a4bd5dedca962c1ae8296c75152f13bcc475cdad1bf288b15e455c3f12ab41
HAPS_new_chat_files_20260929.zip::02_reviewed/C_exact/neighborhoods/neighborhood_static_Stratobus_llama33_70b_2xH100_fp8_TP2.csv,cdf0d24b3e7f9a5920e3ca753a8af2757fc455d6e06cbe930217a52289df0953,data/results/reference/exact/neighborhoods/neighborhood_static_Stratobus_llama33_70b_2xH100_fp8_TP2.csv,unchanged bytes; renamed public path,cdf0d24b3e7f9a5920e3ca753a8af2757fc455d6e06cbe930217a52289df0953
HAPS_new_chat_files_20260929.zip::02_reviewed/C_exact/neighborhoods/neighborhood_static_Stratobus_llama33_70b_2xH200_fp8_TP2.csv,9d613fcd400235c22362c6d7bf6b10e590955a8de8118ceb13de1a9213d8cd9d,data/results/reference/exact/neighborhoods/neighborhood_static_Stratobus_llama33_70b_2xH200_fp8_TP2.csv,unchanged bytes; renamed public path,9d613fcd400235c22362c6d7bf6b10e590955a8de8118ceb13de1a9213d8cd9d
HAPS_new_chat_files_20260929.zip::02_reviewed/C_exact/neighborhoods/neighborhood_static_Sunglider_llama31_8b_1xH100_fp8_TP1.csv,3b6fc4bf8f59f384c055aa5ac2d128ad0a49093b7b4d41d91a46eadb21cca70e,data/results/reference/exact/neighborhoods/neighborhood_static_Sunglider_llama31_8b_1xH100_fp8_TP1.csv,unchanged bytes; renamed public path,3b6fc4bf8f59f384c055aa5ac2d128ad0a49093b7b4d41d91a46eadb21cca70e
HAPS_new_chat_files_20260929.zip::02_reviewed/C_exact/neighborhoods/neighborhood_static_Sunglider_llama31_8b_1xH200_fp8_TP1.csv,a390f7c5b69d17aae8d0e1dab78903a40053112b261bcd33df8ab94dafe51e15,data/results/reference/exact/neighborhoods/neighborhood_static_Sunglider_llama31_8b_1xH200_fp8_TP1.csv,unchanged bytes; renamed public path,a390f7c5b69d17aae8d0e1dab78903a40053112b261bcd33df8ab94dafe51e15
HAPS_new_chat_files_20260929.zip::02_reviewed/C_exact/neighborhoods/neighborhood_static_Sunglider_llama31_8b_1xL40S_fp8_TP1.csv,b9f699a8358dd7a1919f35c3126b565f9331754d9ef84af08684c538c149d2c1,data/results/reference/exact/neighborhoods/neighborhood_static_Sunglider_llama31_8b_1xL40S_fp8_TP1.csv,unchanged bytes; renamed public path,b9f699a8358dd7a1919f35c3126b565f9331754d9ef84af08684c538c149d2c1
HAPS_new_chat_files_20260929.zip::02_reviewed/C_exact/08_exact_reliability_run_manifest.csv,a78a5a70b58f6767773a98653a5121d4a1d1e03db46fa2fe5d4411575cd55227,docs/archived_exact_run_manifest.csv,unchanged bytes; renamed public path,a78a5a70b58f6767773a98653a5121d4a1d1e03db46fa2fe5d4411575cd55227
HAPS_new_chat_files_20260929.zip::02_reviewed/D_mapping/mapping_sensitivity_run_manifest.csv,f06bfec5adfb88318bfd67273358a89c9dae926f87f89fd09a14d5e98133be8d,docs/archived_mapping_run_manifest.csv,unchanged bytes; renamed public path,f06bfec5adfb88318bfd67273358a89c9dae926f87f89fd09a14d5e98133be8d
HAPS_new_chat_files_20260929.zip::02_reviewed/D_mapping/mapping_sensitivity_exact.csv,b5bb6e088092de3bbb3cd5ef0ff12cbdcbde877519ac0a7444de13cfc7f7af27,data/results/reference/mapping/mapping_sensitivity_exact.csv,column-only migration; numeric text preserved,c0f304ae427c6ad761023a4a55696a80b76adfa176527f4f77932edb5bc8baae
E6/Fig6b_v3_plot_values.csv,fdef659e65baba9e0296065b8c4ebb7dafd9de18e3cb64366d4fd824bdcc9b0e,data/processed/engineering_mass_allocations.csv,selected mass columns only; stale Monte-Carlo fields excluded,885280b4615baa47c8ca226a812b981cca935bc2ce525cfd91659eda2b0206e8
E6/Fig6c_v2_platform_registry.csv,f656e9d168843a313dbe60c7cfd8b7df561b9a939c1323d79adb2cc445780ebb,data/processed/platform_envelopes.csv,unchanged bytes; renamed public path,f656e9d168843a313dbe60c7cfd8b7df561b9a939c1323d79adb2cc445780ebb
Fig5b_v2_link_scenario_definitions(1).csv,209b5317701f2a5730ac89dcdf787b54de0c26bdcd7bcd161b065e419143e208,data/processed/link_scenarios.csv,unchanged bytes; renamed public path,209b5317701f2a5730ac89dcdf787b54de0c26bdcd7bcd161b065e419143e208
Fig5d_v3_1xH100ref_plot_values(1).csv,4dde118258dadaf3385c36edb4babb4f41e40d4aff0b1b6e1ffa58fdff4f359c,data/results/reference/fig05d_author_export.csv,unchanged bytes; renamed public path,4dde118258dadaf3385c36edb4babb4f41e40d4aff0b1b6e1ffa58fdff4f359c
Fig6d_platform_capacity_exact_v3_values.csv,b05fe562b527f5edcfc00476aec369b3c88431a9226a274ebb484c499c1972d9,data/results/reference/fig06d_author_export.csv,unchanged bytes; renamed public path,b05fe562b527f5edcfc00476aec369b3c88431a9226a274ebb484c499c1972d9
Fig6e_fleet_sizing_exact_v3_values.csv,3855bc9aeb0ef0a975f052d2df6eeb406f660229c306fe57ff100ff859d94cdf,data/results/reference/fig06e_author_export.csv,unchanged bytes; renamed public path,3855bc9aeb0ef0a975f052d2df6eeb406f660229c306fe57ff100ff859d94cdf
HAPS_new_chat_files_20260929.zip::03_pending/E4_thermal_robustness/thermal_fig4d_robustness_summary.csv,0ae206120332dfee7054a4fdb8e19afea9ec08e4f3ea4b887436b73ae6e62973,data/processed/thermal_reference.csv,selected fig4d_reference row; no new thermal simulation,a589a770863ca63f0142b38f7046ce1873a6843a488f4f7fc59424a242c05c04
HAPS_new_chat_files_20260929.zip::03_pending/MC_validation/exact_8B_binomial_N95/8B_exact_N95_neighborhood.csv,8134cdb0f01971b7eb84a44cb423ef9de2875ced3d1ef975f1f9a8b061f448c5,data/results/reference/validation/8b_exact_threshold_neighborhood.csv,unchanged bytes; renamed public path,8134cdb0f01971b7eb84a44cb423ef9de2875ced3d1ef975f1f9a8b061f448c5
HAPS_new_chat_files_20260929.zip::03_pending/MC_validation/exact_8B_binomial_N95/8B_exact_N95_summary.csv,41a33e35515c0516bbf579c923b46efa0e27d7ffa2dbd23ce5195e15fcd95a34,data/results/reference/validation/8b_exact_threshold_summary.csv,unchanged bytes; renamed public path,41a33e35515c0516bbf579c923b46efa0e27d7ffa2dbd23ce5195e15fcd95a34
HAPS_new_chat_files_20260929.zip::03_pending/MC_validation/pooled_MC_8B_N95/8B_pooled_MC_curve.csv,48f34b69e0b1a9ab2f0cd0ec8e1b474e1dd03d918c6f767bab33e34030f22400,data/results/reference/validation/8b_pooled_mc_curve.csv,unchanged bytes; renamed public path,48f34b69e0b1a9ab2f0cd0ec8e1b474e1dd03d918c6f767bab33e34030f22400
HAPS_new_chat_files_20260929.zip::03_pending/MC_validation/pooled_MC_8B_N95/8B_pooled_MC_per_seed.csv,ca1fb7a2d5871af4dbdd3c0758d289c1b07c35368c3c45478b30746e95bb55a5,data/results/reference/validation/8b_pooled_mc_per_seed.csv,unchanged bytes; renamed public path,ca1fb7a2d5871af4dbdd3c0758d289c1b07c35368c3c45478b30746e95bb55a5
HAPS_new_chat_files_20260929.zip::03_pending/MC_validation/pooled_MC_8B_N95/8B_pooled_MC_summary.csv,1386c9bfd32472e7d4d4ced96779f693e9df36a87442a98a4944cf086e8f06e3,data/results/reference/validation/8b_pooled_mc_summary.csv,unchanged bytes; renamed public path,1386c9bfd32472e7d4d4ced96779f693e9df36a87442a98a4944cf086e8f06e3
HAPS_new_chat_files_20260929.zip::03_pending/MC_validation/exact_70B_binomial_N95/70B_exact_N95_neighborhood.csv,70e1351e98b612c83a3d500c1ce996a76706cdea69f94221a18080e2cb88c498,data/results/reference/validation/70b_exact_threshold_neighborhood.csv,unchanged bytes; renamed public path,70e1351e98b612c83a3d500c1ce996a76706cdea69f94221a18080e2cb88c498
HAPS_new_chat_files_20260929.zip::03_pending/MC_validation/exact_70B_binomial_N95/70B_exact_N95_summary.csv,2e99fe1982ecfefa9476ed627b72b116c47a698afb1d3f405b4c344293272bdd,data/results/reference/validation/70b_exact_threshold_summary.csv,unchanged bytes; renamed public path,2e99fe1982ecfefa9476ed627b72b116c47a698afb1d3f405b4c344293272bdd
HAPS_new_chat_files_20260929.zip::03_pending/MC_validation/pooled_MC_70B_N95/70B_pooled_MC_curve.csv,a3d69e0543f431097e3f99e25074bec970db6268e7a1626f1d75ad0f002730e1,data/results/reference/validation/70b_pooled_mc_curve.csv,unchanged bytes; renamed public path,a3d69e0543f431097e3f99e25074bec970db6268e7a1626f1d75ad0f002730e1
HAPS_new_chat_files_20260929.zip::03_pending/MC_validation/pooled_MC_70B_N95/70B_pooled_MC_per_seed.csv,ab1af169afa94ef3b3f4223d9ef6febeb27208281e98b5136bdb67e7d5148dfc,data/results/reference/validation/70b_pooled_mc_per_seed.csv,unchanged bytes; renamed public path,ab1af169afa94ef3b3f4223d9ef6febeb27208281e98b5136bdb67e7d5148dfc
HAPS_new_chat_files_20260929.zip::03_pending/MC_validation/pooled_MC_70B_N95/70B_pooled_MC_summary.csv,901a311091b685548af1a31a59c3cfc735cf6b7a032800b02ec79b6258fae165,data/results/reference/validation/70b_pooled_mc_summary.csv,unchanged bytes; renamed public path,901a311091b685548af1a31a59c3cfc735cf6b7a032800b02ec79b6258fae165
HAPS_new_chat_files_20260929.zip::03_pending/MC_validation/independent_seed/Fig3d_multiseed_fixedpath_v3/Fig3d_multiseed_fixedpath_v3_frequency.csv,ba63dbb666362349e93814b76688fd8afa4d157cc3c1905ab00cc0e51f0a173a,data/results/reference/validation/independent_seed_diagnostic_frequency.csv,unchanged bytes; renamed public path,ba63dbb666362349e93814b76688fd8afa4d157cc3c1905ab00cc0e51f0a173a
HAPS_new_chat_files_20260929.zip::03_pending/MC_validation/independent_seed/Fig3d_multiseed_fixedpath_v3/Fig3d_multiseed_fixedpath_v3_path_definition.csv,8b30d19916804bd415d1c4d36076490267af648d1a9f09c8f538e41735bf0883,data/results/reference/validation/independent_seed_diagnostic_path_definition.csv,unchanged bytes; renamed public path,8b30d19916804bd415d1c4d36076490267af648d1a9f09c8f538e41735bf0883
HAPS_new_chat_files_20260929.zip::03_pending/MC_validation/independent_seed/Fig3d_multiseed_fixedpath_v3/Fig3d_multiseed_fixedpath_v3_per_seed.csv,f86f37fffedbeaa4e65fc013560ec9d46ee3dbc2e95af1eb463bdb76a8419cde,data/results/reference/validation/independent_seed_diagnostic_per_seed.csv,column-only migration; numeric text preserved,5c6131ca6e02cfe68db881f6c958d1d05acd938b90b77611ace78e799b11b3bf
HAPS_new_chat_files_20260929.zip::03_pending/MC_validation/independent_seed/Fig3d_multiseed_fixedpath_v3/Fig3d_multiseed_fixedpath_v3_summary.csv,1d9509a2b49384463b480db41b96b1a76e3e5b768ef700e5993b9504aff2b272,data/results/reference/validation/independent_seed_diagnostic_summary.csv,column-only migration; numeric text preserved,44696138c2dc9bf3636239dd49201cbfca4fde132436c5f1515fc1612074785f
HAPS_new_chat_files_20260929.zip::02_reviewed/C_exact/exact_binomial_overload_probability.m,764b9d4a53046632c0008c7eb4569818769651264ff7b7033df2f52317232881,code/haps_feasibility/exact_binomial_overload_probability.m,preserved exact algorithm; strict integer/probability input validation,8c53e928b533810507da86442a60999351ace4cb480c70cb52ef27ab728be010
HAPS_new_chat_files_20260929.zip::02_reviewed/C_exact/exact_static_balanced_overload_probability.m,aeb04ea5025637b237d743c0bfd21014937e3d08f664728fb4e4b3d2ebb2facc,code/haps_feasibility/exact_static_balanced_overload_probability.m,preserved exact algorithm; strict integer/probability input validation,5c707b911981df47de80ecffc83ae572bda1ed0d3c5e9a2f6d0f13afc1337163
HAPS_new_chat_files_20260929.zip::02_reviewed/C_exact/find_exact_reliability_threshold.m,119267a1431930bcffb10244cbe679c7ab4eebc578e4128f8d405169ec42ccdc,code/haps_feasibility/find_exact_reliability_threshold.m,preserved exact algorithm; strict integer/probability input validation,5b960ae15b59850dffa04c27352bf6c11e107bd1994c81ecf9d71008c9fbbcb4
HAPS_new_chat_files_20260929.zip::02_reviewed/C_exact/find_exact_static_balanced_threshold.m,bc5e5b26919b6f2c25ac38f13458e0a9b439cb8883f9020b955a7146f82ad7be,code/haps_feasibility/find_exact_static_balanced_threshold.m,preserved exact algorithm; strict integer/probability input validation,e2cdcc4113926c8184b8eef8f3a1d5358071459494c6f3d870d6fa4758484874
HAPS_new_chat_files_20260929.zip::02_reviewed/C_exact/build_general_slo_cmax_registry.m,ec0f9f711c63d11eebf11ddbbefebad667774dc78a945cc982f19f50bfcf732b,code/serving_capacity/build_general_slo_cmax_registry.m,explicit output; stricter benchmark validation; same crossing method,1bc11dc37348ae440937fda0a0bf467278fb83000305a28914be40ec053f07ff
HAPS_new_chat_files_20260929.zip::02_reviewed/C_exact/run_exact_reliability_full_pipeline.m,3fd03f6fb355eeea75e6dda6423e68598147ab8b73e7ecee91b4847d4b5172c4,code/haps_feasibility/run_exact_analysis.m,strict repository paths; full exact method preserved; legacy MC guesses removed; separate mapping runner; protected output,f7321bfb43c40d956ffecb768ce321ced305f55028ca4a7f32bfb2c534876813
HAPS_new_chat_files_20260929.zip::02_reviewed/D_mapping/run_exact_mapping_sensitivity_only.m,545dc4cc03b0540e39c7a8b1a40465eb962b574e940aed3e6d61a2a764894102,code/haps_feasibility/run_mapping_sensitivity.m,canonical full-precision input; remove historical guess/result metadata; strict output,30e6fa6007c27e8c93a2262c3b594c8caeaa52202c470fba6bd0df58a0c86b70
E4b/run_fig5_communication_power_v2.m,ddb528556766a67ab51f284d1717ed2c40657afb3402a88fdff07dca32ee7f09,code/communication/run_communication_analysis.m,exact-population adapter; no legacy input fallback; 1275-W scaled-fan parity; numerical link/radio kernels retained,15d1ef573163f487826611f25d20bc530fe541507bb6d1bdd6ea2719821bc031
plot_fig6c_v2.m,8c5af47fd688e6476f25afbdec52dc806cfc8e95e17b797a089542929ac36a05,code/haps_feasibility/run_payload_analysis.m,public rewrite of supplied payload equations; unclipped binding diagnostics; exact capacity adapter,58c3a71fb2b42212653513ad4b0f5ff93c3f72c7830a0b0fe29daee0ad29f2b3
plot_fig6c_v2.m,8c5af47fd688e6476f25afbdec52dc806cfc8e95e17b797a089542929ac36a05,data/processed/shared_host_parameters.csv,explicit scalar inputs extracted from supplied shared-host model,68ac898059a27aba650109bb5c0db8d505ff21e67ac81c149ad41df1820a9ab9
make_fig6d_platform_capacity_exact_v3.m,d0bc6d5423525507a534d6fce3ec651a009e4455f24b2974dcaa97bb498abb51,code/figures/plot_release_figures.m,unified direct exact-data plotting; numerical schema retained; clean layout,44403920f5b875cff2fb30ce72d262440531d74057e1d6be39eedc52dd022e0a
make_fig6e_fleet_sizing_exact_v3.m,3c496d1a1d21af7235020c4a21398af73b8e9f856e361c6503043cac306d33a7,code/figures/plot_release_figures.m,same exact fleet ceiling rule; no Monte-Carlo path,44403920f5b875cff2fb30ce72d262440531d74057e1d6be39eedc52dd022e0a
Stage-1 migration: new output-safety helper,,code/common/haps_new_output_file.m,new English helper; refuse existing and protected output files,38642cc7dec149d4447e1e0c574f54f6cef7344b417e746f72ccc28256e9c046
