file,bytes,sha256
".gitignore",387,513992402fb041d0fa645777482cc3c2aeead58b11fc2ccd759c223a38a313bd
"CITATION.cff",874,ff3a01a766471f157595a531004f57e55b93b47297516e3f468a47c5683ddf7d
"LICENSE",615,5b647db68dc3434309287ef6f9864fb879b146f7409e8d8e4c42f6210afee069
"README.md",7283,8e905eb38497312164b6836391db712225d4dd658c63863a1f9e47b1efad72aa
"code/common/haps_allocation.m",883,e459d32d1d95c4c9fb8afe024c954dc3c71bd459b7a2352602c7519433952a9c
"code/common/haps_logical.m",486,89e575c473ca7ceefce3a3eeab614f5ec5f7c403c21d5da6bbfc1b3a796e8ff0
"code/common/haps_new_output_dir.m",1733,015ab924fa1b53147261e2cf734bb0eddfa9bc3c422f0ad3d2e7ef10a68e507d
"code/common/haps_new_output_file.m",1461,38642cc7dec149d4447e1e0c574f54f6cef7344b417e746f72ccc28256e9c046
"code/common/haps_paths.m",421,805b4a6110b6fd87764a4de6837fd284245538e72da622401309ef3cd91d624b
"code/common/haps_require_file.m",348,d548e1fa0803aa7d976425028bf8beff52ab607de8679f6f6f71db4961d357b6
"code/common/haps_sha256.m",538,37d7b5044bfe5dc3e2796645feafcd4acea2ad7ba44c41e1c35a203e6df3b96e
"code/common/read_model_manifest.m",1497,177ced28bff8bd80e2f03c04e4c1941ff5cbfb03ccfec4b1093cb959ef315b2f
"code/communication/run_communication_analysis.m",38545,dc2dc1b5fedaa41dd479c764bc7180405cb718c629a768c841c8f9400b11fa1f
"code/figures/export_downstream_supplementary_tables.m",3321,c6891e033f0375f6bfb58a4b6120ebd6ec70fb252cdb494040ad4e01cf8fa70e
"code/figures/export_upstream_supplementary_tables.m",3682,01586366cd66f1c5d8a31a4daa195ab3ac2d44d0ca0f1b8f8ef22dcd1dd0f176
"code/figures/haps_export_figure.m",428,984d0d719925efc8df638940e97ace0ba027ce1f794b33ecf91374bd98f371a3
"code/figures/plot_release_figures.m",13729,df95aec58fca0ac812378a0fd675b5a6c62d0585eb0b122b4910d9e18fe6397a
"code/figures/plot_serving_figures.m",3301,a7b58b5cdcb1539653652d797c35b7049517510ed02a8944fde3c2e014dc001a
"code/figures/plot_thermal_reference_figures.m",2963,6592bd4fbd19e1c1982920bd415a001691409d7ab62106834af69523c55996a3
"code/figures/plot_workload_figures.m",4071,bfaf9b75672f77f04df89852f6ea62770803083686ab7723539622b704482a1f
"code/haps_feasibility/exact_binomial_overload_probability.m",6958,8c53e928b533810507da86442a60999351ace4cb480c70cb52ef27ab728be010
"code/haps_feasibility/exact_static_balanced_overload_probability.m",2027,5c707b911981df47de80ecffc83ae572bda1ed0d3c5e9a2f6d0f13afc1337163
"code/haps_feasibility/find_exact_reliability_threshold.m",5317,5b960ae15b59850dffa04c27352bf6c11e107bd1994c81ecf9d71008c9fbbcb4
"code/haps_feasibility/find_exact_static_balanced_threshold.m",4567,e2cdcc4113926c8184b8eef8f3a1d5358071459494c6f3d870d6fa4758484874
"code/haps_feasibility/run_exact_analysis.m",17142,bf30ac36bfcb48dae4da7b76b54e597eb93a169e1e4b45a1ce5d3f84e5664c1c
"code/haps_feasibility/run_mapping_sensitivity.m",7477,4f8b74968da01317d537acc02dcf82179c63b27b8c7fa54103bd7f2490b2009f
"code/haps_feasibility/run_payload_analysis.m",7169,58c3a71fb2b42212653513ad4b0f5ff93c3f72c7830a0b0fe29daee0ad29f2b3
"code/serving_capacity/build_general_slo_cmax_registry.m",3807,d1182bb949eafcf1446c4381d770af5ebd62efdebbc2460e1c9c1d413bac58c3
"code/serving_capacity/run_serving_analysis.m",5006,c2151cd997d1bda60ed78af0a1357cd1b2e1e001aa0198673b3fd2cefe3a720a
"code/serving_capacity/serving_crossing.m",1217,faeaebbd681a0ac620af1778bd3bef35be3ce8530f9e6f66ba3c224a102579ae
"code/thermal/README.md",898,ddcb20c7ae3852c8f0d6352d6d7c6203f328bb8d7c46ac416d9cc63e40bd53de
"code/thermal/load_thermal_cases.m",959,045987fefde712776e519c01ac1c1be236ffde01ef19c2ded4451b2d89c8c273
"code/thermal/report_highload_results.m",1399,00e281728087b57f24fc5c8ffccfdadf8d68ec4845bbcc884a7610acde749245
"code/thermal/run_thermal_point.m",4713,ec2e9110aaf44abeb3d19bc13554dbca8b2c16788e28dcee3b9f2c22034659c1
"code/thermal/run_thermal_smoke_test.m",2929,6c4510e226d512c5afda6707c21f9d2c760c39caf0560750619db945dd878f31
"code/thermal/run_thermal_study.m",2278,6d49ed04ab9de546784c4d60b404c42c25d58d005f49c6ab7c13e7495c38b9b7
"code/thermal/search_thermal_speed.m",3025,c9e44cbebb195ca32c2b0c50ed3ca1e554172b85de4ddf3f3f72da680a8e7890
"code/thermal/thermal_model_session.m",3095,ef217a1cd538ad3f7dd3363f8728e4f4ec974c0181e31a3ac00c4fb36fc9cace
"code/thermal/thermal_tail_statistics.m",784,57d2c14e3de1c1b664589e044c78ff293d156541e8216b8b586632a218f756fc
"code/validation/__pycache__/reference_math.cpython-313.pyc",28288,3eebebe63efec6795b63a24030a4609370774482995222bf774616b0f8eaf842
"code/validation/check_matlab_code.m",651,1dd6f397769e35dd6bcdeeec16ebbb7b561cf48ec47dfeb5ea39d931d6686f32
"code/validation/package_validation_results.m",1838,3ebc6c7c5b020a6fa9530b4edf3bf2802323fa4b09876efb39ec76c543399941
"code/validation/record_environment.m",482,21f8830d9e97434824b810a751c7ae3b6ecc2ae20490607492e2e473c994f0da
"code/validation/record_repository_snapshot.m",821,021a0b9e49321d28c594824a02945c835b2713e00e0b4aadace48d98fed27217
"code/validation/reference_math.py",14487,465e03de83783728e74060cf5a204ab03e56f2ef1a5d4858998a4ed14f26d5e8
"code/validation/run_monte_carlo_validation.m",9505,cdeeb816ebd98fea409505ffc82fcd8ff78c3163fd410e3af57aafb74b638648
"code/validation/test_workload_helpers.m",1578,faa1f6d57b34a67b3d2a8b2f7d81460c5f10392fcc645ff5a25eac366ec0fc4b
"code/validation/validate_release.m",6544,8fb57e9228aa35590927859de36e0c854edada9c5575bdf8ff6cd0e97c6d9946
"code/validation/validate_stage2.m",3904,2a5b80df8396c21e395fb32a8edc2bc3a20dac0e2df2fc5402e9a8f289424f49
"code/validation/verify_release.py",12479,4d0ed1fc5969757b599ba69a55bac09287888e90a6047dad62437a9b9fa56901
"code/validation/verify_stage2.py",7139,027e2f12643f62969fb9ec792f909654067054f0ccdbe7abd3759b3de8f6d015
"code/workload/classify_workload_pairs.m",1313,67e6b145c6f9ed15c87e532b37a5926f26ed7cc7433b7237497528a694b46072
"code/workload/load_burstgpt_pairs.m",3327,680061208c7fb2069bf3b39e047097c20c153fe8196e51a1f6f19437a8b4f101
"code/workload/load_workload_inputs.m",1433,830ef5a7b21e551efdbf5dc9c2ba206eeabe37e732a9ed56b5eccd9336ee6dfe
"code/workload/run_workload_analysis.m",7115,c645a99cbe03428c2eecb1be6e563d3a02d3f0827a74a3ff930ae7ed324b3817
"code/workload/summarize_pair_activity.m",574,297e737108c97b167f37d1845a6c76ea476563a51c988fb07b73fd155c9710ca
"data/README.md",1568,b8c1e2b097ce3c1bd37c2f41d2a68284b14e66cd63ff0bff237333dde29d9824
"data/processed/activity_bootstrap_replicates.csv",238375,04b85796211666eccacf285e6a72faf8683b696deacf29223f8c76e800032412
"data/processed/activity_statistics.csv",1436,38113a424c84dc05f9ab060b5f7294ea0e9b1d2cbeea52245e1cf6068e8764d8
"data/processed/engineering_mass_allocations.csv",594,885280b4615baa47c8ca226a812b981cca935bc2ce525cfd91659eda2b0206e8
"data/processed/hardware_registry.csv",421,b04dd0142454bdacc54c8102358b06030b3fba9ffc2be70340b4bbcb56f69c4d
"data/processed/link_scenarios.csv",706,209b5317701f2a5730ac89dcdf787b54de0c26bdcd7bcd161b065e419143e208
"data/processed/mapping_activity.csv",694,f689bc74b8e2a440914d204a899ea6f5cc851f5400b86e0a88bf54a7b084c796
"data/processed/mc_seed_protocol.csv",278,8224a66f113d161c303ac5885dc09eeb50f66131a71dfa766b03b89eaaa02c87
"data/processed/nim_benchmark.csv",14378,840dadea5b0f460d44f7308f69b4373bd44691574d6178240e999da9b8486f34
"data/processed/platform_deployments.csv",338,df4c555967deba9d9cf5d5c4306981514b8315bbb4cee6381eeefac5120a7665
"data/processed/platform_envelopes.csv",95,f656e9d168843a313dbe60c7cfd8b7df561b9a939c1323d79adb2cc445780ebb
"data/processed/shared_host_parameters.csv",211,68ac898059a27aba650109bb5c0db8d505ff21e67ac81c149ad41df1820a9ab9
"data/processed/slo_definitions.csv",174,76ce1a424d36609394775ee5694c9a6b4c99ae8f28e7bb2a4560e55eec0e7449
"data/processed/thermal_baseline_parameters.csv",702,bca18e2e84d9546a1cf34baf78805876d40a70514c8ff14caed671001bc44137
"data/processed/thermal_cases.csv",514146,b392ced581ac4377f6c05ce2a9d51fe4dda8d56c46cd9175beb8c4a713688c8e
"data/processed/thermal_reference.csv",222,a589a770863ca63f0142b38f7046ce1873a6843a488f4f7fc59424a242c05c04
"data/processed/thermal_smoke_checkpoints.csv",250,2fb6118018baa7812b37cfa231c915fbbd699f76702656e35a1143b672a60180
"data/processed/workload_occupancy.csv",558,1eee0b29488cbe65abd68a90fb00311b9dbcbd2702354c19c7864a133c6ae241
"data/processed/workload_type_definitions.csv",273,42e6ce06fb80c95a823ca9b410576930562826fe14ca8b10d30404a89d866af0
"data/results/reference/communication/active_user_pmf.csv",520849,9082a2616dce533b74940a5b56760798825d61e6101bf48e13482328814739ff
"data/results/reference/communication/auxiliary_parity.csv",1774139,94eba885cf4c0d78e8c86ec2a69e417ca023d4e566d86df0ecbc60104bd9ff2d
"data/results/reference/communication/downlink_rates.csv",1694,e5239de9fde66bf5c1150156b2dec29c207a2867e60409ab0d1a3d85b72f7127
"data/results/reference/communication/input_audit.csv",585,10ace112d5db83ec8c3d446df89a1ac285ea9b869c2d8a78ae9cb5a6a1e9120c
"data/results/reference/communication/link_budget.csv",120356,f07fe9d5f1ebd85d908faa4af6313e8499b91511ed160c4a3cf1e8427a792f73
"data/results/reference/communication/link_scenarios.csv",699,418ded507e6190bbc04b258f8042542109771c16c4c7401768cfeee645ace217
"data/results/reference/communication/radio_power.csv",1793373,c62116e17c9b08dc9bdeca32afbb2a348ccb3896604e95d2b5a2c006fc1dc1c9
"data/results/reference/exact/activity_quantiles_exact.csv",495,785e593c2124a50a14800729d6568cbf1a1c731bb08eb017c34965c2b544aa3c
"data/results/reference/exact/fleet_sizing_exact.csv",616,31375a3a0c3497139859873cd7b7d16f0db06b1d59c62479dd1c94662c6226e3
"data/results/reference/exact/general_slo_capacity.csv",803,9e43e86e54bbbdec51d11b11e7e797c20a45e46543c5daf0f0fb825e58be0485
"data/results/reference/exact/neighborhoods/neighborhood_pooled_Stratobus_llama31_8b_1xH100_fp8_TP1.csv",407,87d1c99632bdc35a27c3edb9f064669d9ee51bda15411a053ea27eb54b8ceb8d
"data/results/reference/exact/neighborhoods/neighborhood_pooled_Stratobus_llama31_8b_1xH200_fp8_TP1.csv",420,c2ced5e49b986ca854c3810bded7098b9a69158b69ea1e2201905b829f4e3b5b
"data/results/reference/exact/neighborhoods/neighborhood_pooled_Stratobus_llama31_8b_1xL40S_fp8_TP1.csv",420,f46f512e7ee607bfb8c0f02660d10bacfbf4bf0977b29d7566a37805ea0fcfbc
"data/results/reference/exact/neighborhoods/neighborhood_pooled_Stratobus_llama33_70b_2xH100_fp8_TP2.csv",488,cdf0d24b3e7f9a5920e3ca753a8af2757fc455d6e06cbe930217a52289df0953
"data/results/reference/exact/neighborhoods/neighborhood_pooled_Stratobus_llama33_70b_2xH200_fp8_TP2.csv",488,9d613fcd400235c22362c6d7bf6b10e590955a8de8118ceb13de1a9213d8cd9d
"data/results/reference/exact/neighborhoods/neighborhood_pooled_Sunglider_llama31_8b_1xH100_fp8_TP1.csv",523,3b6fc4bf8f59f384c055aa5ac2d128ad0a49093b7b4d41d91a46eadb21cca70e
"data/results/reference/exact/neighborhoods/neighborhood_pooled_Sunglider_llama31_8b_1xH200_fp8_TP1.csv",523,a390f7c5b69d17aae8d0e1dab78903a40053112b261bcd33df8ab94dafe51e15
"data/results/reference/exact/neighborhoods/neighborhood_pooled_Sunglider_llama31_8b_1xL40S_fp8_TP1.csv",390,7da52398af345a2fa98cf20f47d47db9bee9a20f21b25d14dafc44eeac91fdb6
"data/results/reference/exact/neighborhoods/neighborhood_single_llama31_8b_1xH100_fp8_TP1.csv",523,3b6fc4bf8f59f384c055aa5ac2d128ad0a49093b7b4d41d91a46eadb21cca70e
"data/results/reference/exact/neighborhoods/neighborhood_single_llama31_8b_1xH200_fp8_TP1.csv",523,a390f7c5b69d17aae8d0e1dab78903a40053112b261bcd33df8ab94dafe51e15
"data/results/reference/exact/neighborhoods/neighborhood_single_llama31_8b_1xL40S_fp8_TP1.csv",502,bedd10de803ff281dde8b4119c653be3a410c29b6ce0b256e5bfd74aac3e82ac
"data/results/reference/exact/neighborhoods/neighborhood_single_llama33_70b_2xH100_fp8_TP2.csv",488,cdf0d24b3e7f9a5920e3ca753a8af2757fc455d6e06cbe930217a52289df0953
"data/results/reference/exact/neighborhoods/neighborhood_single_llama33_70b_2xH200_fp8_TP2.csv",488,9d613fcd400235c22362c6d7bf6b10e590955a8de8118ceb13de1a9213d8cd9d
"data/results/reference/exact/neighborhoods/neighborhood_single_llama33_70b_4xH100_fp8_TP4.csv",516,a43ad0125f2947931ca2f11b31e076edbb29faa031a36360a62052ceaaf72b09
"data/results/reference/exact/neighborhoods/neighborhood_static_Stratobus_llama31_8b_1xH100_fp8_TP1.csv",280,0b80325fff98da213f18223d130229e715054a4da01b3590724e0f8ddbbc7c62
"data/results/reference/exact/neighborhoods/neighborhood_static_Stratobus_llama31_8b_1xH200_fp8_TP1.csv",274,d78ab261bf31ed73784098e634f3d2af259e7af33a5539682470777c89274fc8
"data/results/reference/exact/neighborhoods/neighborhood_static_Stratobus_llama31_8b_1xL40S_fp8_TP1.csv",275,b2a4bd5dedca962c1ae8296c75152f13bcc475cdad1bf288b15e455c3f12ab41
"data/results/reference/exact/neighborhoods/neighborhood_static_Stratobus_llama33_70b_2xH100_fp8_TP2.csv",488,cdf0d24b3e7f9a5920e3ca753a8af2757fc455d6e06cbe930217a52289df0953
"data/results/reference/exact/neighborhoods/neighborhood_static_Stratobus_llama33_70b_2xH200_fp8_TP2.csv",488,9d613fcd400235c22362c6d7bf6b10e590955a8de8118ceb13de1a9213d8cd9d
"data/results/reference/exact/neighborhoods/neighborhood_static_Sunglider_llama31_8b_1xH100_fp8_TP1.csv",523,3b6fc4bf8f59f384c055aa5ac2d128ad0a49093b7b4d41d91a46eadb21cca70e
"data/results/reference/exact/neighborhoods/neighborhood_static_Sunglider_llama31_8b_1xH200_fp8_TP1.csv",523,a390f7c5b69d17aae8d0e1dab78903a40053112b261bcd33df8ab94dafe51e15
"data/results/reference/exact/neighborhoods/neighborhood_static_Sunglider_llama31_8b_1xL40S_fp8_TP1.csv",273,b9f699a8358dd7a1919f35c3126b565f9331754d9ef84af08684c538c149d2c1
"data/results/reference/exact/platform_assignment_exact.csv",2227,e0243f26ec8814f66643979faa78c5fea92b97d4cf6c6337cc2248599e4be6e3
"data/results/reference/exact/primary_overload_curve.csv",3864,d317c2508837c68d7aa875e7015ddb1faa5cffc378a28062b32541446a3a3350
"data/results/reference/exact/single_instance_exact.csv",1787,588ab8e3c84e71e9d34dbdae8cf27c41920f45ccfee96a0a1e1e6d78c08fcfca
"data/results/reference/fig05d_author_export.csv",3176,4dde118258dadaf3385c36edb4babb4f41e40d4aff0b1b6e1ffa58fdff4f359c
"data/results/reference/fig06d_author_export.csv",738,b05fe562b527f5edcfc00476aec369b3c88431a9226a274ebb484c499c1972d9
"data/results/reference/fig06e_author_export.csv",616,3855bc9aeb0ef0a975f052d2df6eeb406f660229c306fe57ff100ff859d94cdf
"data/results/reference/latency_curves.csv",4269,392a6ea477202138bae78d670c6c7f94ab15c4274b1144a9070c34af74439642
"data/results/reference/mapping/mapping_sensitivity_exact.csv",2417,c0f304ae427c6ad761023a4a55696a80b76adfa176527f4f77932edb5bc8baae
"data/results/reference/payload/configuration_efficiency.csv",1341,026e208f62b4fcf51a8409ac4a989cdfae61603bb62c1e2de8d53eadbaeb97bf
"data/results/reference/payload/deployment_limits.csv",2426,e8e0108badbac6aa995e3bac73a2da78caa3cf17aa1fc7550d55aba4f737a496
"data/results/reference/payload/shared_host_scaling.csv",445,8b65ca08825edf40026267528d79e6f6fb9f37dd52e27b8b766188717d33297c
"data/results/reference/serving_budget_contributions.csv",2173,37c941f80ee429c095211515b699a25cc7e4a0d3b522846a55e7a1c8b07d0c4a
"data/results/reference/serving_capacity_by_slo.csv",4690,23623837a41ad8ba73ee00f347852f01144a8f1817eddfdf44342b116df8292b
"data/results/reference/serving_capacity_interpolation.csv",30724,e87c49723b5c529562d56f56f2b1e243e6f8349609b3b83b59894b9d757cfd44
"data/results/reference/thermal/duct/Fig4c_duct_scale_previous_vs_rerun_values.csv",1397,3b12a0f12530d2d1c72f15d06232aa59c791f03f6a2880437e38bb5870ff87c5
"data/results/reference/thermal/duct/Fig4c_duct_scale_u_curve_rerun_values.csv",11663,0474f30c1d178a2961da9638c1714edfd5c1e7380c782d99232d2ee12ac19337
"data/results/reference/thermal/duct/thermal_v5_duct_fine_all_rpm_results.csv",109994,fd01b411e6ca537bf6fe08d6f91a987e16263ab99e7f5861c9109c574d226b04
"data/results/reference/thermal/duct/thermal_v5_duct_fine_case_definitions.csv",6185,5d4065888894a282bc748e61ecb19cd465eae3abba4d86608e7112ed88474c0c
"data/results/reference/thermal/duct/thermal_v5_duct_fine_summary.csv",12202,a46827ed3d4745e89c6cc1728b0d3f2e9f9d116be20df0a0e924296eb3232421
"data/results/reference/thermal/highload_a/A_all_rpm_results.csv",20517,01348e5c6de9161da5e6a6ddf39f4f0d5550e50bfb2e6974cb9c005d5a7a4e8b
"data/results/reference/thermal/highload_a/A_summary.csv",1103,1dbd90fcc213d03571fd5683c6e3320e38256d537b2d0cd3b16520c6c93818d8
"data/results/reference/thermal/highload_b/B_UA_requirements.csv",291,6089dca06b7223dd783e22cb0dbe5bb998886553dfea951e1c37f5ba24b136aa
"data/results/reference/thermal/highload_b/B_all_rpm_results.csv",157469,ade4cf0e4a358c6bd68e7b97e5884bc633656c13c68eb3f203a1d53a5c86504e
"data/results/reference/thermal/highload_b/B_summary.csv",3700,d344df56d2a70358ee078846a3a04835fd3a50e49e7108519f6b1473129ba102
"data/results/reference/thermal/highload_c/C_all_rpm_results.csv",1139482,dac60ec0efe3ccc1ba25e3717681da41558341ed28085015d705e84220decc32
"data/results/reference/thermal/highload_c/C_low_overhead_candidates.csv",500,ca7b70d5ded4f7456a99a9ea19698975cdb67453ba6c6a42a29d42d645485b0d
"data/results/reference/thermal/highload_c/C_summary.csv",18995,c8183033139fccb451a3430e2394b52dd1a4f4ac4b496dec4e95193bbea39d2f
"data/results/reference/thermal/highload_c/C_target_summary.csv",259,0a56ea2c4ca887753b69673a6503dca8eadf0559db5b367cfc70fe18418ad399
"data/results/reference/thermal/highload_c2/C2_all_rpm_results.csv",1477508,b68ce0903f1dc44ed13b45d746e380395a3a4eb4ee03928e37a6f7ce6fc13556
"data/results/reference/thermal/highload_c2/C2_best_by_UA.csv",3638,bc2c16db5d1c75385e474d7617746e29ee4fa2afeca6b3eacb6b5d44a8a72141
"data/results/reference/thermal/highload_c2/C2_best_by_UA_duct.csv",12727,f5f9924213a9315d7c22cc2102ee515573d1e7ebf48b6b3367e122682143c5f4
"data/results/reference/thermal/highload_c2/C2_candidates_le5pct_all.csv",28506,6d9b32d397431f55019e250d20015eb292337b64419168277018eb573ae6c45b
"data/results/reference/thermal/highload_c2/C2_candidates_le5pct_preferred.csv",500,ca7b70d5ded4f7456a99a9ea19698975cdb67453ba6c6a42a29d42d645485b0d
"data/results/reference/thermal/highload_c2/C2_combined_summary.csv",44541,9e6eaf362a2afa8469c7d2c3d176048f345d1f30487c6675f7c89ee6b41f6b78
"data/results/reference/thermal/highload_c2/C2_summary.csv",26660,c7cb27360f15d8a73ec983709f2c7b7335e53d2c0969de2daddddf544e0ec02c
"data/results/reference/thermal/highload_c2/C2_target_summary.csv",604,cbc2b3f78504e37c48c982c355976a3cbfe41fd0f96eb8a3c460652c87d26c4b
"data/results/reference/thermal/highload_c2/C2_top_candidates_all.csv",9841,c6cd0453c9709af21ac70fce2a5759aff286cb2f1a92210c79e99eff7a9b2806
"data/results/reference/thermal/highload_c2/C2_top_candidates_preferred.csv",500,ca7b70d5ded4f7456a99a9ea19698975cdb67453ba6c6a42a29d42d645485b0d
"data/results/reference/thermal/map/Fig4b_v3_dense_12h_all_rpm_results.csv",2853853,8764a718e2eba45ab49a9d6025d6244ac372b03e2da564a30ab505eb64c503c0
"data/results/reference/thermal/map/Fig4b_v3_dense_12h_case_definitions.csv",57002,d3f5b4cd700c7c92191583baadd6b0c9f7223916dd7dacc942c5e3f9363b3b56
"data/results/reference/thermal/map/Fig4b_v3_dense_12h_summary.csv",212359,df18620e06eda93e4cad7061df2b3290bf92b200499c6af3cee33df24cada66f
"data/results/reference/thermal/robustness/thermal_fig4d_robustness_all_rpm_results.csv",216109,df4a8893a4cc333bbbb6a8e272234e561ddfd30393c453093ae5aadec5aa58d6
"data/results/reference/thermal/robustness/thermal_fig4d_robustness_case_definitions.csv",10212,1e8da035b15eaa41d5a2593f154cd8ee0af9cc14ef4c29a00ac8c78505910103
"data/results/reference/thermal/robustness/thermal_fig4d_robustness_convergence_check.csv",6334,2f309700ad81da140fc788d716fe53df2f9e9d889f39f77d367190105d487b39
"data/results/reference/thermal/robustness/thermal_fig4d_robustness_convergence_comparison.csv",792,588c58b004d2eb82aab02f361179de5fe9089e690fff0458a61bd6d609222d7c
"data/results/reference/thermal/robustness/thermal_fig4d_robustness_environment_corner.csv",11204,3c35110569576273abe5a3bc38f6dc664207dc3ddebc6c7e8eab843dfcca5c46
"data/results/reference/thermal/robustness/thermal_fig4d_robustness_summary.csv",19348,0ae206120332dfee7054a4fdb8e19afea9ec08e4f3ea4b887436b73ae6e62973
"data/results/reference/thermal/robustness/thermal_fig4d_robustness_thermal_margin.csv",3752,73baac9123e40e03db8de581d6aa0001946669ab327274b043d016f57c014b52
"data/results/reference/validation/70b_exact_threshold_neighborhood.csv",1317,70e1351e98b612c83a3d500c1ce996a76706cdea69f94221a18080e2cb88c498
"data/results/reference/validation/70b_exact_threshold_summary.csv",407,2e99fe1982ecfefa9476ed627b72b116c47a698afb1d3f405b4c344293272bdd
"data/results/reference/validation/70b_pooled_mc_curve.csv",4256,a3d69e0543f431097e3f99e25074bec970db6268e7a1626f1d75ad0f002730e1
"data/results/reference/validation/70b_pooled_mc_per_seed.csv",639,ab1af169afa94ef3b3f4223d9ef6febeb27208281e98b5136bdb67e7d5148dfc
"data/results/reference/validation/70b_pooled_mc_summary.csv",501,901a311091b685548af1a31a59c3cfc735cf6b7a032800b02ec79b6258fae165
"data/results/reference/validation/8b_exact_threshold_neighborhood.csv",1414,8134cdb0f01971b7eb84a44cb423ef9de2875ced3d1ef975f1f9a8b061f448c5
"data/results/reference/validation/8b_exact_threshold_summary.csv",414,41a33e35515c0516bbf579c923b46efa0e27d7ffa2dbd23ce5195e15fcd95a34
"data/results/reference/validation/8b_pooled_mc_curve.csv",4263,48f34b69e0b1a9ab2f0cd0ec8e1b474e1dd03d918c6f767bab33e34030f22400
"data/results/reference/validation/8b_pooled_mc_per_seed.csv",808,ca1fb7a2d5871af4dbdd3c0758d289c1b07c35368c3c45478b30746e95bb55a5
"data/results/reference/validation/8b_pooled_mc_summary.csv",506,1386c9bfd32472e7d4d4ced96779f693e9df36a87442a98a4944cf086e8f06e3
"data/results/reference/validation/independent_seed_diagnostic_frequency.csv",1600,ba63dbb666362349e93814b76688fd8afa4d157cc3c1905ab00cc0e51f0a173a
"data/results/reference/validation/independent_seed_diagnostic_path_definition.csv",448,8b30d19916804bd415d1c4d36076490267af648d1a9f09c8f538e41735bf0883
"data/results/reference/validation/independent_seed_diagnostic_per_seed.csv",7652,5c6131ca6e02cfe68db881f6c958d1d05acd938b90b77611ace78e799b11b3bf
"data/results/reference/validation/independent_seed_diagnostic_summary.csv",741,44696138c2dc9bf3636239dd49201cbfca4fde132436c5f1515fc1612074785f
"data/results/reference/workload/mapping_priority_diagnostics.csv",1184,a573fa10b5a09981b1a9fc849f46393b990bae061b31d4402520a089e3b330ae
"data/results/reference/workload/mapping_trace_comparison.csv",1034,2ba900216431dcc0a56ebeecdc9a867cb3883c760962754eca281d2d9130ba55
"data/results/reference/workload/tau_sensitivity_display_reference.csv",892,3b5c7fa72ee35427c785ae5063888fdadb9f56003d25f9212f9ea9c5cdc57368
"docs/archived_exact_run_manifest.csv",486,a78a5a70b58f6767773a98653a5121d4a1d1e03db46fa2fe5d4411575cd55227
"docs/archived_mapping_run_manifest.csv",324,f06bfec5adfb88318bfd67273358a89c9dae926f87f89fd09a14d5e98133be8d
"docs/changes_stage1.md",3180,1a26842647aa6a042aea522a8ffceabeeb2ba9d89c9abd67c3543a8b14be5379
"docs/changes_stage2.md",3877,a732c5ef09fa02ec16794b93cd7dc54cc61dafb202f53e44ba4d68c2a62a1e93
"docs/changes_stage2_v021.md",1372,7df280b9d36640a5fd2eb81f2f9f7921ede4c2cb2fdf18113e225295fef5b16c
"docs/changes_stage2_v022.md",1189,654b5dc23de3a8d0be318322352e87b1b7b21287b9b3f2fa5ee0d07f7cca7dd0
"docs/generated_reference_manifest.json",3116,2594ed59242f8f71f41b82edddfc40946359a193a6ee9c010255fe9bd6502f87
"docs/historical/stage1_source_manifest.csv",25597,98ba600bfae742c0d2bf04daafaa41ca10cc7f93d5e264a2238f651ed57be504
"docs/input_provenance.md",2227,5c48a7e8205b1c5c9d309b123c056001aa26575d750831bac5d59f6227b0889d
"docs/matlab_file_inventory.csv",7370,8cd402ed25f97ea27707bd33a7d8f29399aaf9de30b1ad493ad43c2088b8520b
"docs/migration_status.md",1760,a6d6b67a1c6edf430c6d82951f8785ae38e607655e7576d5eb469af7112bc2e7
"docs/python_environment.json",195,6168e4ba345228734065247d3ee76c1a67278b02b1a3ea8ff3a49c8dfd7a9ded
"docs/python_stage2_validation_report.json",58240,659fdf9d685bedaf953c4d25882bb3efc62df7917ceeaf012ca65c5eb315a7bb
"docs/python_validation_report.json",64349,4c1588a9b8f3c0a9937373a2311bd77abacefa0d89a19ba4f8f26b8e84d3e445
"docs/release_status.json",889,ad2d84a3b703ee8b2bd0d78521489bd94f83d6f4e0aea02ecf22b58bbaacffc1
"docs/reproduction_guide.md",12214,e3409b7aaf02d1a8a9b57e337b4aa5a00211ebb49123bbc16dffdea8ca24600b
"docs/requirements-validation.txt",128,070dbf80632e202ba0c425a62e69d2ccc26ea037081cda2213bd6efac89cf604
"docs/source_manifest.csv",25791,9273ee0c08e1fffa9e3ea345290826bb706ed1b2b4db7e1660c6a59d2583ef41
"docs/stage2_code_migration.csv",13979,115b92d7baf66f680b8b02e6b90c7d92e274756f22acab501ba54c5db91d25a4
"docs/stage2_source_manifest.csv",9168,328a2acc98d6e5e8de13ed55bcb500b8e70f6af409bbe25d66e4bb5771f774df
"docs/validation_status.md",1859,ae1222fbe8825706c7bdc3a9d5191b861125a7b3bccfb526ebe2d15fd4e83707
"figures/README.md",569,26569ccc4e805dfc34a911853d2660b9834821cffcd7d2b85892a6a2962553b7
"models/simscape/README.md",843,44ab0ad98301bcdf386f778c1ea64cad0399a91ea87f01db7977d294c132d0cb
"models/simscape/haps_thermal_map.slx",482313,3022dd5634bea0160655588b5842f0af8c5b783c69bb16342b266cb702da3509
"models/simscape/haps_thermal_reference.slx",482313,7469df2e6711212da9a6fd2497041acf5f37910fff535916dca40bf776a460b5
"models/simscape/model_manifest.csv",316,e0fa2bbb371cf82a24beb60b49ef34c443abd525545080cbee9e3a649e5b9a87
"run_full_reproduction.m",3845,faa369e9c960db1dbc32b60e6b8a76c0bc7e7eacadbdcab37a1ad2281e180f1a
"run_reference_reproduction.m",2506,c61f1146938020461c3ebc8d5849b5af34825b98ce8414df74c6eb672137d1b8
"run_stage2_validation.m",1950,ae1c0fbdebc61afff358aaf8e1061234f91b4f6a41397cefade08d37a690bdb1
"setup_haps.m",658,f3f9dad93fe09381d141b592407909475113802c556049f89b7722e61f1f0691
"supplementary/README.md",1126,70956380e29a34befa411f8bfd7c9a5edab78fdfe9a186b5dcfc8ab77736d2cc
