platform,model_key,display_label,SLO_feasible,uncapped_mass_bound,uncapped_IT_power_bound,uncapped_aux_power_bound,host_gpu_cap,IT_only_instances,deployable_instances,binding_constraint,deployed_mass_kg,deployed_IT_power_W,deployed_fan_power_W,radio_reserve_W,total_payload_power_W,linear_mN95_reference,NHAPS95_pooled_exact,NHAPS95_static_exact
Sunglider,llama31_8b_1xH100_fp8_TP1,8B / 1xH100,True,4,1,1,inf,1,1,power,16.306249999999999,1275,10.008104594705708,4.9834632014974636,1289.9915677962031,5876,5876,5876
Sunglider,llama31_8b_1xH200_fp8_TP1,8B / 1xH200,True,4,1,1,inf,1,1,power,16.306249999999999,1275,10.008104594705708,4.9834632014974636,1289.9915677962031,7245,7245,7245
Sunglider,llama31_8b_1xL40S_fp8_TP1,8B / 1xL40S,True,26,2,2,10,2,2,power,33.100000000000001,1450,11.381766009665315,4.9834632014974636,1466.3652292111628,2674,3507,2451
Sunglider,llama33_70b_2xH100_fp8_TP2,70B / 2xH100,True,2,0,0,inf,0,0,power,0,0,0,4.9834632014974636,0,NaN,NaN,NaN
Sunglider,llama33_70b_2xH200_fp8_TP2,70B / 2xH200,True,2,0,0,inf,0,0,power,0,0,0,4.9834632014974636,0,NaN,NaN,NaN
Sunglider,llama33_70b_4xH100_fp8_TP4,70B / 4xH100,True,1,0,0,inf,0,0,power,0,0,0,4.9834632014974636,0,NaN,NaN,NaN
Sunglider,llama33_70b_8xA100_bf16_TP8,70B / 8xA100,False,0,0,0,inf,0,0,slo_infeasible,0,0,0,4.9834632014974636,0,NaN,NaN,NaN
Stratobus,llama31_8b_1xH100_fp8_TP1,8B / 1xH100,True,15,3,3,inf,3,3,power,48.918749999999996,3825,30.024313784117123,4.9834632014974636,3860.0077769856148,17628,19104,16684
Stratobus,llama31_8b_1xH200_fp8_TP1,8B / 1xH200,True,15,3,3,inf,3,3,power,48.918749999999996,3825,30.024313784117123,4.9834632014974636,3860.0077769856148,21735,23144,20781
Stratobus,llama31_8b_1xL40S_fp8_TP1,8B / 1xL40S,True,129,12,12,10,10,10,server_gpu_cap,46.700000000000003,4250,33.360348649019024,4.9834632014974636,4288.3438118505164,13370,22517,9506
Stratobus,llama33_70b_2xH100_fp8_TP2,70B / 2xH100,True,7,1,1,inf,1,1,power,32.612499999999997,2550,20.016209189411416,4.9834632014974636,2574.9996723909089,991,991,991
Stratobus,llama33_70b_2xH200_fp8_TP2,70B / 2xH200,True,7,1,1,inf,1,1,power,32.612499999999997,2550,20.016209189411416,4.9834632014974636,2574.9996723909089,936,936,936
Stratobus,llama33_70b_4xH100_fp8_TP4,70B / 4xH100,True,3,0,0,inf,0,0,power,0,0,0,4.9834632014974636,0,NaN,NaN,NaN
Stratobus,llama33_70b_8xA100_bf16_TP8,70B / 8xA100,False,2,0,0,inf,0,0,slo_infeasible,0,0,0,4.9834632014974636,0,NaN,NaN,NaN
