case_id,UA_external_W_K,G_wall_W_K,h2_W_m2K,A2_m2,Q_server_W,P_air_internal_Pa,T_ambient_K,Q_solar_W,epsilon_rad
1,25,20,50,0.5,1100,101325,223.15,500,1e-15
2,31.25,20,50,0.625,1100,101325,223.15,500,1e-15
3,37.5,20,50,0.75,1100,101325,223.15,500,1e-15
4,43.75,20,50,0.875,1100,101325,223.15,500,1e-15
5,50,20,50,1,1100,101325,223.15,500,1e-15
6,56.25,20,50,1.125,1100,101325,223.15,500,1e-15
7,62.5,20,50,1.25,1100,101325,223.15,500,1e-15
8,68.75,20,50,1.375,1100,101325,223.15,500,1e-15
9,75,20,50,1.5,1100,101325,223.15,500,1e-15
10,81.25,20,50,1.625,1100,101325,223.15,500,1e-15
11,87.5,20,50,1.75,1100,101325,223.15,500,1e-15
12,93.75,20,50,1.875,1100,101325,223.15,500,1e-15
13,100,20,50,2,1100,101325,223.15,500,1e-15
14,112.5,20,50,2.25,1100,101325,223.15,500,1e-15
15,125,20,50,2.5,1100,101325,223.15,500,1e-15
16,137.5,20,50,2.75,1100,101325,223.15,500,1e-15
17,150,20,50,3,1100,101325,223.15,500,1e-15
18,162.5,20,50,3.25,1100,101325,223.15,500,1e-15
19,175,20,50,3.5,1100,101325,223.15,500,1e-15
20,187.5,20,50,3.75,1100,101325,223.15,500,1e-15
21,200,20,50,4,1100,101325,223.15,500,1e-15
22,212.5,20,50,4.25,1100,101325,223.15,500,1e-15
23,225,20,50,4.5,1100,101325,223.15,500,1e-15
24,237.5,20,50,4.75,1100,101325,223.15,500,1e-15
25,250,20,50,5,1100,101325,223.15,500,1e-15
26,262.5,20,50,5.25,1100,101325,223.15,500,1e-15
27,275,20,50,5.5,1100,101325,223.15,500,1e-15
28,287.5,20,50,5.75,1100,101325,223.15,500,1e-15
29,300,20,50,6,1100,101325,223.15,500,1e-15
30,25,25.1486685936587,50,0.5,1100,101325,223.15,500,1e-15
31,31.25,25.1486685936587,50,0.625,1100,101325,223.15,500,1e-15
32,37.5,25.1486685936587,50,0.75,1100,101325,223.15,500,1e-15
33,43.75,25.1486685936587,50,0.875,1100,101325,223.15,500,1e-15
34,50,25.1486685936587,50,1,1100,101325,223.15,500,1e-15
35,56.25,25.1486685936587,50,1.125,1100,101325,223.15,500,1e-15
36,62.5,25.1486685936587,50,1.25,1100,101325,223.15,500,1e-15
37,68.75,25.1486685936587,50,1.375,1100,101325,223.15,500,1e-15
38,75,25.1486685936587,50,1.5,1100,101325,223.15,500,1e-15
39,81.25,25.1486685936587,50,1.625,1100,101325,223.15,500,1e-15
40,87.5,25.1486685936587,50,1.75,1100,101325,223.15,500,1e-15
41,93.75,25.1486685936587,50,1.875,1100,101325,223.15,500,1e-15
42,100,25.1486685936587,50,2,1100,101325,223.15,500,1e-15
43,112.5,25.1486685936587,50,2.25,1100,101325,223.15,500,1e-15
44,125,25.1486685936587,50,2.5,1100,101325,223.15,500,1e-15
45,137.5,25.1486685936587,50,2.75,1100,101325,223.15,500,1e-15
46,150,25.1486685936587,50,3,1100,101325,223.15,500,1e-15
47,162.5,25.1486685936587,50,3.25,1100,101325,223.15,500,1e-15
48,175,25.1486685936587,50,3.5,1100,101325,223.15,500,1e-15
49,187.5,25.1486685936587,50,3.75,1100,101325,223.15,500,1e-15
50,200,25.1486685936587,50,4,1100,101325,223.15,500,1e-15
51,212.5,25.1486685936587,50,4.25,1100,101325,223.15,500,1e-15
52,225,25.1486685936587,50,4.5,1100,101325,223.15,500,1e-15
53,237.5,25.1486685936587,50,4.75,1100,101325,223.15,500,1e-15
54,250,25.1486685936587,50,5,1100,101325,223.15,500,1e-15
55,262.5,25.1486685936587,50,5.25,1100,101325,223.15,500,1e-15
56,275,25.1486685936587,50,5.5,1100,101325,223.15,500,1e-15
57,287.5,25.1486685936587,50,5.75,1100,101325,223.15,500,1e-15
58,300,25.1486685936587,50,6,1100,101325,223.15,500,1e-15
59,25,31.6227766016838,50,0.5,1100,101325,223.15,500,1e-15
60,31.25,31.6227766016838,50,0.625,1100,101325,223.15,500,1e-15
61,37.5,31.6227766016838,50,0.75,1100,101325,223.15,500,1e-15
62,43.75,31.6227766016838,50,0.875,1100,101325,223.15,500,1e-15
63,50,31.6227766016838,50,1,1100,101325,223.15,500,1e-15
64,56.25,31.6227766016838,50,1.125,1100,101325,223.15,500,1e-15
65,62.5,31.6227766016838,50,1.25,1100,101325,223.15,500,1e-15
66,68.75,31.6227766016838,50,1.375,1100,101325,223.15,500,1e-15
67,75,31.6227766016838,50,1.5,1100,101325,223.15,500,1e-15
68,81.25,31.6227766016838,50,1.625,1100,101325,223.15,500,1e-15
69,87.5,31.6227766016838,50,1.75,1100,101325,223.15,500,1e-15
70,93.75,31.6227766016838,50,1.875,1100,101325,223.15,500,1e-15
71,100,31.6227766016838,50,2,1100,101325,223.15,500,1e-15
72,112.5,31.6227766016838,50,2.25,1100,101325,223.15,500,1e-15
73,125,31.6227766016838,50,2.5,1100,101325,223.15,500,1e-15
74,137.5,31.6227766016838,50,2.75,1100,101325,223.15,500,1e-15
75,150,31.6227766016838,50,3,1100,101325,223.15,500,1e-15
76,162.5,31.6227766016838,50,3.25,1100,101325,223.15,500,1e-15
77,175,31.6227766016838,50,3.5,1100,101325,223.15,500,1e-15
78,187.5,31.6227766016838,50,3.75,1100,101325,223.15,500,1e-15
79,200,31.6227766016838,50,4,1100,101325,223.15,500,1e-15
80,212.5,31.6227766016838,50,4.25,1100,101325,223.15,500,1e-15
81,225,31.6227766016838,50,4.5,1100,101325,223.15,500,1e-15
82,237.5,31.6227766016838,50,4.75,1100,101325,223.15,500,1e-15
83,250,31.6227766016838,50,5,1100,101325,223.15,500,1e-15
84,262.5,31.6227766016838,50,5.25,1100,101325,223.15,500,1e-15
85,275,31.6227766016838,50,5.5,1100,101325,223.15,500,1e-15
86,287.5,31.6227766016838,50,5.75,1100,101325,223.15,500,1e-15
87,300,31.6227766016838,50,6,1100,101325,223.15,500,1e-15
88,25,39.7635364383525,50,0.5,1100,101325,223.15,500,1e-15
89,31.25,39.7635364383525,50,0.625,1100,101325,223.15,500,1e-15
90,37.5,39.7635364383525,50,0.75,1100,101325,223.15,500,1e-15
91,43.75,39.7635364383525,50,0.875,1100,101325,223.15,500,1e-15
92,50,39.7635364383525,50,1,1100,101325,223.15,500,1e-15
93,56.25,39.7635364383525,50,1.125,1100,101325,223.15,500,1e-15
94,62.5,39.7635364383525,50,1.25,1100,101325,223.15,500,1e-15
95,68.75,39.7635364383525,50,1.375,1100,101325,223.15,500,1e-15
96,75,39.7635364383525,50,1.5,1100,101325,223.15,500,1e-15
97,81.25,39.7635364383525,50,1.625,1100,101325,223.15,500,1e-15
98,87.5,39.7635364383525,50,1.75,1100,101325,223.15,500,1e-15
99,93.75,39.7635364383525,50,1.875,1100,101325,223.15,500,1e-15
100,100,39.7635364383525,50,2,1100,101325,223.15,500,1e-15
101,112.5,39.7635364383525,50,2.25,1100,101325,223.15,500,1e-15
102,125,39.7635364383525,50,2.5,1100,101325,223.15,500,1e-15
103,137.5,39.7635364383525,50,2.75,1100,101325,223.15,500,1e-15
104,150,39.7635364383525,50,3,1100,101325,223.15,500,1e-15
105,162.5,39.7635364383525,50,3.25,1100,101325,223.15,500,1e-15
106,175,39.7635364383525,50,3.5,1100,101325,223.15,500,1e-15
107,187.5,39.7635364383525,50,3.75,1100,101325,223.15,500,1e-15
108,200,39.7635364383525,50,4,1100,101325,223.15,500,1e-15
109,212.5,39.7635364383525,50,4.25,1100,101325,223.15,500,1e-15
110,225,39.7635364383525,50,4.5,1100,101325,223.15,500,1e-15
111,237.5,39.7635364383525,50,4.75,1100,101325,223.15,500,1e-15
112,250,39.7635364383525,50,5,1100,101325,223.15,500,1e-15
113,262.5,39.7635364383525,50,5.25,1100,101325,223.15,500,1e-15
114,275,39.7635364383525,50,5.5,1100,101325,223.15,500,1e-15
115,287.5,39.7635364383525,50,5.75,1100,101325,223.15,500,1e-15
116,300,39.7635364383525,50,6,1100,101325,223.15,500,1e-15
117,25,50,50,0.5,1100,101325,223.15,500,1e-15
118,31.25,50,50,0.625,1100,101325,223.15,500,1e-15
119,37.5,50,50,0.75,1100,101325,223.15,500,1e-15
120,43.75,50,50,0.875,1100,101325,223.15,500,1e-15
121,50,50,50,1,1100,101325,223.15,500,1e-15
122,56.25,50,50,1.125,1100,101325,223.15,500,1e-15
123,62.5,50,50,1.25,1100,101325,223.15,500,1e-15
124,68.75,50,50,1.375,1100,101325,223.15,500,1e-15
125,75,50,50,1.5,1100,101325,223.15,500,1e-15
126,81.25,50,50,1.625,1100,101325,223.15,500,1e-15
127,87.5,50,50,1.75,1100,101325,223.15,500,1e-15
128,93.75,50,50,1.875,1100,101325,223.15,500,1e-15
129,100,50,50,2,1100,101325,223.15,500,1e-15
130,112.5,50,50,2.25,1100,101325,223.15,500,1e-15
131,125,50,50,2.5,1100,101325,223.15,500,1e-15
132,137.5,50,50,2.75,1100,101325,223.15,500,1e-15
133,150,50,50,3,1100,101325,223.15,500,1e-15
134,162.5,50,50,3.25,1100,101325,223.15,500,1e-15
135,175,50,50,3.5,1100,101325,223.15,500,1e-15
136,187.5,50,50,3.75,1100,101325,223.15,500,1e-15
137,200,50,50,4,1100,101325,223.15,500,1e-15
138,212.5,50,50,4.25,1100,101325,223.15,500,1e-15
139,225,50,50,4.5,1100,101325,223.15,500,1e-15
140,237.5,50,50,4.75,1100,101325,223.15,500,1e-15
141,250,50,50,5,1100,101325,223.15,500,1e-15
142,262.5,50,50,5.25,1100,101325,223.15,500,1e-15
143,275,50,50,5.5,1100,101325,223.15,500,1e-15
144,287.5,50,50,5.75,1100,101325,223.15,500,1e-15
145,300,50,50,6,1100,101325,223.15,500,1e-15
146,25,59.460355750136,50,0.5,1100,101325,223.15,500,1e-15
147,31.25,59.460355750136,50,0.625,1100,101325,223.15,500,1e-15
148,37.5,59.460355750136,50,0.75,1100,101325,223.15,500,1e-15
149,43.75,59.460355750136,50,0.875,1100,101325,223.15,500,1e-15
150,50,59.460355750136,50,1,1100,101325,223.15,500,1e-15
151,56.25,59.460355750136,50,1.125,1100,101325,223.15,500,1e-15
152,62.5,59.460355750136,50,1.25,1100,101325,223.15,500,1e-15
153,68.75,59.460355750136,50,1.375,1100,101325,223.15,500,1e-15
154,75,59.460355750136,50,1.5,1100,101325,223.15,500,1e-15
155,81.25,59.460355750136,50,1.625,1100,101325,223.15,500,1e-15
156,87.5,59.460355750136,50,1.75,1100,101325,223.15,500,1e-15
157,93.75,59.460355750136,50,1.875,1100,101325,223.15,500,1e-15
158,100,59.460355750136,50,2,1100,101325,223.15,500,1e-15
159,112.5,59.460355750136,50,2.25,1100,101325,223.15,500,1e-15
160,125,59.460355750136,50,2.5,1100,101325,223.15,500,1e-15
161,137.5,59.460355750136,50,2.75,1100,101325,223.15,500,1e-15
162,150,59.460355750136,50,3,1100,101325,223.15,500,1e-15
163,162.5,59.460355750136,50,3.25,1100,101325,223.15,500,1e-15
164,175,59.460355750136,50,3.5,1100,101325,223.15,500,1e-15
165,187.5,59.460355750136,50,3.75,1100,101325,223.15,500,1e-15
166,200,59.460355750136,50,4,1100,101325,223.15,500,1e-15
167,212.5,59.460355750136,50,4.25,1100,101325,223.15,500,1e-15
168,225,59.460355750136,50,4.5,1100,101325,223.15,500,1e-15
169,237.5,59.460355750136,50,4.75,1100,101325,223.15,500,1e-15
170,250,59.460355750136,50,5,1100,101325,223.15,500,1e-15
171,262.5,59.460355750136,50,5.25,1100,101325,223.15,500,1e-15
172,275,59.460355750136,50,5.5,1100,101325,223.15,500,1e-15
173,287.5,59.460355750136,50,5.75,1100,101325,223.15,500,1e-15
174,300,59.460355750136,50,6,1100,101325,223.15,500,1e-15
175,25,70.7106781186548,50,0.5,1100,101325,223.15,500,1e-15
176,31.25,70.7106781186548,50,0.625,1100,101325,223.15,500,1e-15
177,37.5,70.7106781186548,50,0.75,1100,101325,223.15,500,1e-15
178,43.75,70.7106781186548,50,0.875,1100,101325,223.15,500,1e-15
179,50,70.7106781186548,50,1,1100,101325,223.15,500,1e-15
180,56.25,70.7106781186548,50,1.125,1100,101325,223.15,500,1e-15
181,62.5,70.7106781186548,50,1.25,1100,101325,223.15,500,1e-15
182,68.75,70.7106781186548,50,1.375,1100,101325,223.15,500,1e-15
183,75,70.7106781186548,50,1.5,1100,101325,223.15,500,1e-15
184,81.25,70.7106781186548,50,1.625,1100,101325,223.15,500,1e-15
185,87.5,70.7106781186548,50,1.75,1100,101325,223.15,500,1e-15
186,93.75,70.7106781186548,50,1.875,1100,101325,223.15,500,1e-15
187,100,70.7106781186548,50,2,1100,101325,223.15,500,1e-15
188,112.5,70.7106781186548,50,2.25,1100,101325,223.15,500,1e-15
189,125,70.7106781186548,50,2.5,1100,101325,223.15,500,1e-15
190,137.5,70.7106781186548,50,2.75,1100,101325,223.15,500,1e-15
191,150,70.7106781186548,50,3,1100,101325,223.15,500,1e-15
192,162.5,70.7106781186548,50,3.25,1100,101325,223.15,500,1e-15
193,175,70.7106781186548,50,3.5,1100,101325,223.15,500,1e-15
194,187.5,70.7106781186548,50,3.75,1100,101325,223.15,500,1e-15
195,200,70.7106781186548,50,4,1100,101325,223.15,500,1e-15
196,212.5,70.7106781186548,50,4.25,1100,101325,223.15,500,1e-15
197,225,70.7106781186548,50,4.5,1100,101325,223.15,500,1e-15
198,237.5,70.7106781186548,50,4.75,1100,101325,223.15,500,1e-15
199,250,70.7106781186548,50,5,1100,101325,223.15,500,1e-15
200,262.5,70.7106781186548,50,5.25,1100,101325,223.15,500,1e-15
201,275,70.7106781186548,50,5.5,1100,101325,223.15,500,1e-15
202,287.5,70.7106781186548,50,5.75,1100,101325,223.15,500,1e-15
203,300,70.7106781186548,50,6,1100,101325,223.15,500,1e-15
204,25,84.0896415253714,50,0.5,1100,101325,223.15,500,1e-15
205,31.25,84.0896415253714,50,0.625,1100,101325,223.15,500,1e-15
206,37.5,84.0896415253714,50,0.75,1100,101325,223.15,500,1e-15
207,43.75,84.0896415253714,50,0.875,1100,101325,223.15,500,1e-15
208,50,84.0896415253714,50,1,1100,101325,223.15,500,1e-15
209,56.25,84.0896415253714,50,1.125,1100,101325,223.15,500,1e-15
210,62.5,84.0896415253714,50,1.25,1100,101325,223.15,500,1e-15
211,68.75,84.0896415253714,50,1.375,1100,101325,223.15,500,1e-15
212,75,84.0896415253714,50,1.5,1100,101325,223.15,500,1e-15
213,81.25,84.0896415253714,50,1.625,1100,101325,223.15,500,1e-15
214,87.5,84.0896415253714,50,1.75,1100,101325,223.15,500,1e-15
215,93.75,84.0896415253714,50,1.875,1100,101325,223.15,500,1e-15
216,100,84.0896415253714,50,2,1100,101325,223.15,500,1e-15
217,112.5,84.0896415253714,50,2.25,1100,101325,223.15,500,1e-15
218,125,84.0896415253714,50,2.5,1100,101325,223.15,500,1e-15
219,137.5,84.0896415253714,50,2.75,1100,101325,223.15,500,1e-15
220,150,84.0896415253714,50,3,1100,101325,223.15,500,1e-15
221,162.5,84.0896415253714,50,3.25,1100,101325,223.15,500,1e-15
222,175,84.0896415253714,50,3.5,1100,101325,223.15,500,1e-15
223,187.5,84.0896415253714,50,3.75,1100,101325,223.15,500,1e-15
224,200,84.0896415253714,50,4,1100,101325,223.15,500,1e-15
225,212.5,84.0896415253714,50,4.25,1100,101325,223.15,500,1e-15
226,225,84.0896415253714,50,4.5,1100,101325,223.15,500,1e-15
227,237.5,84.0896415253714,50,4.75,1100,101325,223.15,500,1e-15
228,250,84.0896415253714,50,5,1100,101325,223.15,500,1e-15
229,262.5,84.0896415253714,50,5.25,1100,101325,223.15,500,1e-15
230,275,84.0896415253714,50,5.5,1100,101325,223.15,500,1e-15
231,287.5,84.0896415253714,50,5.75,1100,101325,223.15,500,1e-15
232,300,84.0896415253714,50,6,1100,101325,223.15,500,1e-15
233,25,100,50,0.5,1100,101325,223.15,500,1e-15
234,31.25,100,50,0.625,1100,101325,223.15,500,1e-15
235,37.5,100,50,0.75,1100,101325,223.15,500,1e-15
236,43.75,100,50,0.875,1100,101325,223.15,500,1e-15
237,50,100,50,1,1100,101325,223.15,500,1e-15
238,56.25,100,50,1.125,1100,101325,223.15,500,1e-15
239,62.5,100,50,1.25,1100,101325,223.15,500,1e-15
240,68.75,100,50,1.375,1100,101325,223.15,500,1e-15
241,75,100,50,1.5,1100,101325,223.15,500,1e-15
242,81.25,100,50,1.625,1100,101325,223.15,500,1e-15
243,87.5,100,50,1.75,1100,101325,223.15,500,1e-15
244,93.75,100,50,1.875,1100,101325,223.15,500,1e-15
245,100,100,50,2,1100,101325,223.15,500,1e-15
246,112.5,100,50,2.25,1100,101325,223.15,500,1e-15
247,125,100,50,2.5,1100,101325,223.15,500,1e-15
248,137.5,100,50,2.75,1100,101325,223.15,500,1e-15
249,150,100,50,3,1100,101325,223.15,500,1e-15
250,162.5,100,50,3.25,1100,101325,223.15,500,1e-15
251,175,100,50,3.5,1100,101325,223.15,500,1e-15
252,187.5,100,50,3.75,1100,101325,223.15,500,1e-15
253,200,100,50,4,1100,101325,223.15,500,1e-15
254,212.5,100,50,4.25,1100,101325,223.15,500,1e-15
255,225,100,50,4.5,1100,101325,223.15,500,1e-15
256,237.5,100,50,4.75,1100,101325,223.15,500,1e-15
257,250,100,50,5,1100,101325,223.15,500,1e-15
258,262.5,100,50,5.25,1100,101325,223.15,500,1e-15
259,275,100,50,5.5,1100,101325,223.15,500,1e-15
260,287.5,100,50,5.75,1100,101325,223.15,500,1e-15
261,300,100,50,6,1100,101325,223.15,500,1e-15
262,25,118.920711500272,50,0.5,1100,101325,223.15,500,1e-15
263,31.25,118.920711500272,50,0.625,1100,101325,223.15,500,1e-15
264,37.5,118.920711500272,50,0.75,1100,101325,223.15,500,1e-15
265,43.75,118.920711500272,50,0.875,1100,101325,223.15,500,1e-15
266,50,118.920711500272,50,1,1100,101325,223.15,500,1e-15
267,56.25,118.920711500272,50,1.125,1100,101325,223.15,500,1e-15
268,62.5,118.920711500272,50,1.25,1100,101325,223.15,500,1e-15
269,68.75,118.920711500272,50,1.375,1100,101325,223.15,500,1e-15
270,75,118.920711500272,50,1.5,1100,101325,223.15,500,1e-15
271,81.25,118.920711500272,50,1.625,1100,101325,223.15,500,1e-15
272,87.5,118.920711500272,50,1.75,1100,101325,223.15,500,1e-15
273,93.75,118.920711500272,50,1.875,1100,101325,223.15,500,1e-15
274,100,118.920711500272,50,2,1100,101325,223.15,500,1e-15
275,112.5,118.920711500272,50,2.25,1100,101325,223.15,500,1e-15
276,125,118.920711500272,50,2.5,1100,101325,223.15,500,1e-15
277,137.5,118.920711500272,50,2.75,1100,101325,223.15,500,1e-15
278,150,118.920711500272,50,3,1100,101325,223.15,500,1e-15
279,162.5,118.920711500272,50,3.25,1100,101325,223.15,500,1e-15
280,175,118.920711500272,50,3.5,1100,101325,223.15,500,1e-15
281,187.5,118.920711500272,50,3.75,1100,101325,223.15,500,1e-15
282,200,118.920711500272,50,4,1100,101325,223.15,500,1e-15
283,212.5,118.920711500272,50,4.25,1100,101325,223.15,500,1e-15
284,225,118.920711500272,50,4.5,1100,101325,223.15,500,1e-15
285,237.5,118.920711500272,50,4.75,1100,101325,223.15,500,1e-15
286,250,118.920711500272,50,5,1100,101325,223.15,500,1e-15
287,262.5,118.920711500272,50,5.25,1100,101325,223.15,500,1e-15
288,275,118.920711500272,50,5.5,1100,101325,223.15,500,1e-15
289,287.5,118.920711500272,50,5.75,1100,101325,223.15,500,1e-15
290,300,118.920711500272,50,6,1100,101325,223.15,500,1e-15
291,25,141.42135623731,50,0.5,1100,101325,223.15,500,1e-15
292,31.25,141.42135623731,50,0.625,1100,101325,223.15,500,1e-15
293,37.5,141.42135623731,50,0.75,1100,101325,223.15,500,1e-15
294,43.75,141.42135623731,50,0.875,1100,101325,223.15,500,1e-15
295,50,141.42135623731,50,1,1100,101325,223.15,500,1e-15
296,56.25,141.42135623731,50,1.125,1100,101325,223.15,500,1e-15
297,62.5,141.42135623731,50,1.25,1100,101325,223.15,500,1e-15
298,68.75,141.42135623731,50,1.375,1100,101325,223.15,500,1e-15
299,75,141.42135623731,50,1.5,1100,101325,223.15,500,1e-15
300,81.25,141.42135623731,50,1.625,1100,101325,223.15,500,1e-15
301,87.5,141.42135623731,50,1.75,1100,101325,223.15,500,1e-15
302,93.75,141.42135623731,50,1.875,1100,101325,223.15,500,1e-15
303,100,141.42135623731,50,2,1100,101325,223.15,500,1e-15
304,112.5,141.42135623731,50,2.25,1100,101325,223.15,500,1e-15
305,125,141.42135623731,50,2.5,1100,101325,223.15,500,1e-15
306,137.5,141.42135623731,50,2.75,1100,101325,223.15,500,1e-15
307,150,141.42135623731,50,3,1100,101325,223.15,500,1e-15
308,162.5,141.42135623731,50,3.25,1100,101325,223.15,500,1e-15
309,175,141.42135623731,50,3.5,1100,101325,223.15,500,1e-15
310,187.5,141.42135623731,50,3.75,1100,101325,223.15,500,1e-15
311,200,141.42135623731,50,4,1100,101325,223.15,500,1e-15
312,212.5,141.42135623731,50,4.25,1100,101325,223.15,500,1e-15
313,225,141.42135623731,50,4.5,1100,101325,223.15,500,1e-15
314,237.5,141.42135623731,50,4.75,1100,101325,223.15,500,1e-15
315,250,141.42135623731,50,5,1100,101325,223.15,500,1e-15
316,262.5,141.42135623731,50,5.25,1100,101325,223.15,500,1e-15
317,275,141.42135623731,50,5.5,1100,101325,223.15,500,1e-15
318,287.5,141.42135623731,50,5.75,1100,101325,223.15,500,1e-15
319,300,141.42135623731,50,6,1100,101325,223.15,500,1e-15
320,25,168.179283050743,50,0.5,1100,101325,223.15,500,1e-15
321,31.25,168.179283050743,50,0.625,1100,101325,223.15,500,1e-15
322,37.5,168.179283050743,50,0.75,1100,101325,223.15,500,1e-15
323,43.75,168.179283050743,50,0.875,1100,101325,223.15,500,1e-15
324,50,168.179283050743,50,1,1100,101325,223.15,500,1e-15
325,56.25,168.179283050743,50,1.125,1100,101325,223.15,500,1e-15
326,62.5,168.179283050743,50,1.25,1100,101325,223.15,500,1e-15
327,68.75,168.179283050743,50,1.375,1100,101325,223.15,500,1e-15
328,75,168.179283050743,50,1.5,1100,101325,223.15,500,1e-15
329,81.25,168.179283050743,50,1.625,1100,101325,223.15,500,1e-15
330,87.5,168.179283050743,50,1.75,1100,101325,223.15,500,1e-15
331,93.75,168.179283050743,50,1.875,1100,101325,223.15,500,1e-15
332,100,168.179283050743,50,2,1100,101325,223.15,500,1e-15
333,112.5,168.179283050743,50,2.25,1100,101325,223.15,500,1e-15
334,125,168.179283050743,50,2.5,1100,101325,223.15,500,1e-15
335,137.5,168.179283050743,50,2.75,1100,101325,223.15,500,1e-15
336,150,168.179283050743,50,3,1100,101325,223.15,500,1e-15
337,162.5,168.179283050743,50,3.25,1100,101325,223.15,500,1e-15
338,175,168.179283050743,50,3.5,1100,101325,223.15,500,1e-15
339,187.5,168.179283050743,50,3.75,1100,101325,223.15,500,1e-15
340,200,168.179283050743,50,4,1100,101325,223.15,500,1e-15
341,212.5,168.179283050743,50,4.25,1100,101325,223.15,500,1e-15
342,225,168.179283050743,50,4.5,1100,101325,223.15,500,1e-15
343,237.5,168.179283050743,50,4.75,1100,101325,223.15,500,1e-15
344,250,168.179283050743,50,5,1100,101325,223.15,500,1e-15
345,262.5,168.179283050743,50,5.25,1100,101325,223.15,500,1e-15
346,275,168.179283050743,50,5.5,1100,101325,223.15,500,1e-15
347,287.5,168.179283050743,50,5.75,1100,101325,223.15,500,1e-15
348,300,168.179283050743,50,6,1100,101325,223.15,500,1e-15
349,25,200,50,0.5,1100,101325,223.15,500,1e-15
350,31.25,200,50,0.625,1100,101325,223.15,500,1e-15
351,37.5,200,50,0.75,1100,101325,223.15,500,1e-15
352,43.75,200,50,0.875,1100,101325,223.15,500,1e-15
353,50,200,50,1,1100,101325,223.15,500,1e-15
354,56.25,200,50,1.125,1100,101325,223.15,500,1e-15
355,62.5,200,50,1.25,1100,101325,223.15,500,1e-15
356,68.75,200,50,1.375,1100,101325,223.15,500,1e-15
357,75,200,50,1.5,1100,101325,223.15,500,1e-15
358,81.25,200,50,1.625,1100,101325,223.15,500,1e-15
359,87.5,200,50,1.75,1100,101325,223.15,500,1e-15
360,93.75,200,50,1.875,1100,101325,223.15,500,1e-15
361,100,200,50,2,1100,101325,223.15,500,1e-15
362,112.5,200,50,2.25,1100,101325,223.15,500,1e-15
363,125,200,50,2.5,1100,101325,223.15,500,1e-15
364,137.5,200,50,2.75,1100,101325,223.15,500,1e-15
365,150,200,50,3,1100,101325,223.15,500,1e-15
366,162.5,200,50,3.25,1100,101325,223.15,500,1e-15
367,175,200,50,3.5,1100,101325,223.15,500,1e-15
368,187.5,200,50,3.75,1100,101325,223.15,500,1e-15
369,200,200,50,4,1100,101325,223.15,500,1e-15
370,212.5,200,50,4.25,1100,101325,223.15,500,1e-15
371,225,200,50,4.5,1100,101325,223.15,500,1e-15
372,237.5,200,50,4.75,1100,101325,223.15,500,1e-15
373,250,200,50,5,1100,101325,223.15,500,1e-15
374,262.5,200,50,5.25,1100,101325,223.15,500,1e-15
375,275,200,50,5.5,1100,101325,223.15,500,1e-15
376,287.5,200,50,5.75,1100,101325,223.15,500,1e-15
377,300,200,50,6,1100,101325,223.15,500,1e-15
378,25,251.486685936587,50,0.5,1100,101325,223.15,500,1e-15
379,31.25,251.486685936587,50,0.625,1100,101325,223.15,500,1e-15
380,37.5,251.486685936587,50,0.75,1100,101325,223.15,500,1e-15
381,43.75,251.486685936587,50,0.875,1100,101325,223.15,500,1e-15
382,50,251.486685936587,50,1,1100,101325,223.15,500,1e-15
383,56.25,251.486685936587,50,1.125,1100,101325,223.15,500,1e-15
384,62.5,251.486685936587,50,1.25,1100,101325,223.15,500,1e-15
385,68.75,251.486685936587,50,1.375,1100,101325,223.15,500,1e-15
386,75,251.486685936587,50,1.5,1100,101325,223.15,500,1e-15
387,81.25,251.486685936587,50,1.625,1100,101325,223.15,500,1e-15
388,87.5,251.486685936587,50,1.75,1100,101325,223.15,500,1e-15
389,93.75,251.486685936587,50,1.875,1100,101325,223.15,500,1e-15
390,100,251.486685936587,50,2,1100,101325,223.15,500,1e-15
391,112.5,251.486685936587,50,2.25,1100,101325,223.15,500,1e-15
392,125,251.486685936587,50,2.5,1100,101325,223.15,500,1e-15
393,137.5,251.486685936587,50,2.75,1100,101325,223.15,500,1e-15
394,150,251.486685936587,50,3,1100,101325,223.15,500,1e-15
395,162.5,251.486685936587,50,3.25,1100,101325,223.15,500,1e-15
396,175,251.486685936587,50,3.5,1100,101325,223.15,500,1e-15
397,187.5,251.486685936587,50,3.75,1100,101325,223.15,500,1e-15
398,200,251.486685936587,50,4,1100,101325,223.15,500,1e-15
399,212.5,251.486685936587,50,4.25,1100,101325,223.15,500,1e-15
400,225,251.486685936587,50,4.5,1100,101325,223.15,500,1e-15
401,237.5,251.486685936587,50,4.75,1100,101325,223.15,500,1e-15
402,250,251.486685936587,50,5,1100,101325,223.15,500,1e-15
403,262.5,251.486685936587,50,5.25,1100,101325,223.15,500,1e-15
404,275,251.486685936587,50,5.5,1100,101325,223.15,500,1e-15
405,287.5,251.486685936587,50,5.75,1100,101325,223.15,500,1e-15
406,300,251.486685936587,50,6,1100,101325,223.15,500,1e-15
407,25,316.227766016838,50,0.5,1100,101325,223.15,500,1e-15
408,31.25,316.227766016838,50,0.625,1100,101325,223.15,500,1e-15
409,37.5,316.227766016838,50,0.75,1100,101325,223.15,500,1e-15
410,43.75,316.227766016838,50,0.875,1100,101325,223.15,500,1e-15
411,50,316.227766016838,50,1,1100,101325,223.15,500,1e-15
412,56.25,316.227766016838,50,1.125,1100,101325,223.15,500,1e-15
413,62.5,316.227766016838,50,1.25,1100,101325,223.15,500,1e-15
414,68.75,316.227766016838,50,1.375,1100,101325,223.15,500,1e-15
415,75,316.227766016838,50,1.5,1100,101325,223.15,500,1e-15
416,81.25,316.227766016838,50,1.625,1100,101325,223.15,500,1e-15
417,87.5,316.227766016838,50,1.75,1100,101325,223.15,500,1e-15
418,93.75,316.227766016838,50,1.875,1100,101325,223.15,500,1e-15
419,100,316.227766016838,50,2,1100,101325,223.15,500,1e-15
420,112.5,316.227766016838,50,2.25,1100,101325,223.15,500,1e-15
421,125,316.227766016838,50,2.5,1100,101325,223.15,500,1e-15
422,137.5,316.227766016838,50,2.75,1100,101325,223.15,500,1e-15
423,150,316.227766016838,50,3,1100,101325,223.15,500,1e-15
424,162.5,316.227766016838,50,3.25,1100,101325,223.15,500,1e-15
425,175,316.227766016838,50,3.5,1100,101325,223.15,500,1e-15
426,187.5,316.227766016838,50,3.75,1100,101325,223.15,500,1e-15
427,200,316.227766016838,50,4,1100,101325,223.15,500,1e-15
428,212.5,316.227766016838,50,4.25,1100,101325,223.15,500,1e-15
429,225,316.227766016838,50,4.5,1100,101325,223.15,500,1e-15
430,237.5,316.227766016838,50,4.75,1100,101325,223.15,500,1e-15
431,250,316.227766016838,50,5,1100,101325,223.15,500,1e-15
432,262.5,316.227766016838,50,5.25,1100,101325,223.15,500,1e-15
433,275,316.227766016838,50,5.5,1100,101325,223.15,500,1e-15
434,287.5,316.227766016838,50,5.75,1100,101325,223.15,500,1e-15
435,300,316.227766016838,50,6,1100,101325,223.15,500,1e-15
436,25,397.635364383525,50,0.5,1100,101325,223.15,500,1e-15
437,31.25,397.635364383525,50,0.625,1100,101325,223.15,500,1e-15
438,37.5,397.635364383525,50,0.75,1100,101325,223.15,500,1e-15
439,43.75,397.635364383525,50,0.875,1100,101325,223.15,500,1e-15
440,50,397.635364383525,50,1,1100,101325,223.15,500,1e-15
441,56.25,397.635364383525,50,1.125,1100,101325,223.15,500,1e-15
442,62.5,397.635364383525,50,1.25,1100,101325,223.15,500,1e-15
443,68.75,397.635364383525,50,1.375,1100,101325,223.15,500,1e-15
444,75,397.635364383525,50,1.5,1100,101325,223.15,500,1e-15
445,81.25,397.635364383525,50,1.625,1100,101325,223.15,500,1e-15
446,87.5,397.635364383525,50,1.75,1100,101325,223.15,500,1e-15
447,93.75,397.635364383525,50,1.875,1100,101325,223.15,500,1e-15
448,100,397.635364383525,50,2,1100,101325,223.15,500,1e-15
449,112.5,397.635364383525,50,2.25,1100,101325,223.15,500,1e-15
450,125,397.635364383525,50,2.5,1100,101325,223.15,500,1e-15
451,137.5,397.635364383525,50,2.75,1100,101325,223.15,500,1e-15
452,150,397.635364383525,50,3,1100,101325,223.15,500,1e-15
453,162.5,397.635364383525,50,3.25,1100,101325,223.15,500,1e-15
454,175,397.635364383525,50,3.5,1100,101325,223.15,500,1e-15
455,187.5,397.635364383525,50,3.75,1100,101325,223.15,500,1e-15
456,200,397.635364383525,50,4,1100,101325,223.15,500,1e-15
457,212.5,397.635364383525,50,4.25,1100,101325,223.15,500,1e-15
458,225,397.635364383525,50,4.5,1100,101325,223.15,500,1e-15
459,237.5,397.635364383525,50,4.75,1100,101325,223.15,500,1e-15
460,250,397.635364383525,50,5,1100,101325,223.15,500,1e-15
461,262.5,397.635364383525,50,5.25,1100,101325,223.15,500,1e-15
462,275,397.635364383525,50,5.5,1100,101325,223.15,500,1e-15
463,287.5,397.635364383525,50,5.75,1100,101325,223.15,500,1e-15
464,300,397.635364383525,50,6,1100,101325,223.15,500,1e-15
465,25,500,50,0.5,1100,101325,223.15,500,1e-15
466,31.25,500,50,0.625,1100,101325,223.15,500,1e-15
467,37.5,500,50,0.75,1100,101325,223.15,500,1e-15
468,43.75,500,50,0.875,1100,101325,223.15,500,1e-15
469,50,500,50,1,1100,101325,223.15,500,1e-15
470,56.25,500,50,1.125,1100,101325,223.15,500,1e-15
471,62.5,500,50,1.25,1100,101325,223.15,500,1e-15
472,68.75,500,50,1.375,1100,101325,223.15,500,1e-15
473,75,500,50,1.5,1100,101325,223.15,500,1e-15
474,81.25,500,50,1.625,1100,101325,223.15,500,1e-15
475,87.5,500,50,1.75,1100,101325,223.15,500,1e-15
476,93.75,500,50,1.875,1100,101325,223.15,500,1e-15
477,100,500,50,2,1100,101325,223.15,500,1e-15
478,112.5,500,50,2.25,1100,101325,223.15,500,1e-15
479,125,500,50,2.5,1100,101325,223.15,500,1e-15
480,137.5,500,50,2.75,1100,101325,223.15,500,1e-15
481,150,500,50,3,1100,101325,223.15,500,1e-15
482,162.5,500,50,3.25,1100,101325,223.15,500,1e-15
483,175,500,50,3.5,1100,101325,223.15,500,1e-15
484,187.5,500,50,3.75,1100,101325,223.15,500,1e-15
485,200,500,50,4,1100,101325,223.15,500,1e-15
486,212.5,500,50,4.25,1100,101325,223.15,500,1e-15
487,225,500,50,4.5,1100,101325,223.15,500,1e-15
488,237.5,500,50,4.75,1100,101325,223.15,500,1e-15
489,250,500,50,5,1100,101325,223.15,500,1e-15
490,262.5,500,50,5.25,1100,101325,223.15,500,1e-15
491,275,500,50,5.5,1100,101325,223.15,500,1e-15
492,287.5,500,50,5.75,1100,101325,223.15,500,1e-15
493,300,500,50,6,1100,101325,223.15,500,1e-15
494,25,594.60355750136,50,0.5,1100,101325,223.15,500,1e-15
495,31.25,594.60355750136,50,0.625,1100,101325,223.15,500,1e-15
496,37.5,594.60355750136,50,0.75,1100,101325,223.15,500,1e-15
497,43.75,594.60355750136,50,0.875,1100,101325,223.15,500,1e-15
498,50,594.60355750136,50,1,1100,101325,223.15,500,1e-15
499,56.25,594.60355750136,50,1.125,1100,101325,223.15,500,1e-15
500,62.5,594.60355750136,50,1.25,1100,101325,223.15,500,1e-15
501,68.75,594.60355750136,50,1.375,1100,101325,223.15,500,1e-15
502,75,594.60355750136,50,1.5,1100,101325,223.15,500,1e-15
503,81.25,594.60355750136,50,1.625,1100,101325,223.15,500,1e-15
504,87.5,594.60355750136,50,1.75,1100,101325,223.15,500,1e-15
505,93.75,594.60355750136,50,1.875,1100,101325,223.15,500,1e-15
506,100,594.60355750136,50,2,1100,101325,223.15,500,1e-15
507,112.5,594.60355750136,50,2.25,1100,101325,223.15,500,1e-15
508,125,594.60355750136,50,2.5,1100,101325,223.15,500,1e-15
509,137.5,594.60355750136,50,2.75,1100,101325,223.15,500,1e-15
510,150,594.60355750136,50,3,1100,101325,223.15,500,1e-15
511,162.5,594.60355750136,50,3.25,1100,101325,223.15,500,1e-15
512,175,594.60355750136,50,3.5,1100,101325,223.15,500,1e-15
513,187.5,594.60355750136,50,3.75,1100,101325,223.15,500,1e-15
514,200,594.60355750136,50,4,1100,101325,223.15,500,1e-15
515,212.5,594.60355750136,50,4.25,1100,101325,223.15,500,1e-15
516,225,594.60355750136,50,4.5,1100,101325,223.15,500,1e-15
517,237.5,594.60355750136,50,4.75,1100,101325,223.15,500,1e-15
518,250,594.60355750136,50,5,1100,101325,223.15,500,1e-15
519,262.5,594.60355750136,50,5.25,1100,101325,223.15,500,1e-15
520,275,594.60355750136,50,5.5,1100,101325,223.15,500,1e-15
521,287.5,594.60355750136,50,5.75,1100,101325,223.15,500,1e-15
522,300,594.60355750136,50,6,1100,101325,223.15,500,1e-15
523,25,707.106781186547,50,0.5,1100,101325,223.15,500,1e-15
524,31.25,707.106781186547,50,0.625,1100,101325,223.15,500,1e-15
525,37.5,707.106781186547,50,0.75,1100,101325,223.15,500,1e-15
526,43.75,707.106781186547,50,0.875,1100,101325,223.15,500,1e-15
527,50,707.106781186547,50,1,1100,101325,223.15,500,1e-15
528,56.25,707.106781186547,50,1.125,1100,101325,223.15,500,1e-15
529,62.5,707.106781186547,50,1.25,1100,101325,223.15,500,1e-15
530,68.75,707.106781186547,50,1.375,1100,101325,223.15,500,1e-15
531,75,707.106781186547,50,1.5,1100,101325,223.15,500,1e-15
532,81.25,707.106781186547,50,1.625,1100,101325,223.15,500,1e-15
533,87.5,707.106781186547,50,1.75,1100,101325,223.15,500,1e-15
534,93.75,707.106781186547,50,1.875,1100,101325,223.15,500,1e-15
535,100,707.106781186547,50,2,1100,101325,223.15,500,1e-15
536,112.5,707.106781186547,50,2.25,1100,101325,223.15,500,1e-15
537,125,707.106781186547,50,2.5,1100,101325,223.15,500,1e-15
538,137.5,707.106781186547,50,2.75,1100,101325,223.15,500,1e-15
539,150,707.106781186547,50,3,1100,101325,223.15,500,1e-15
540,162.5,707.106781186547,50,3.25,1100,101325,223.15,500,1e-15
541,175,707.106781186547,50,3.5,1100,101325,223.15,500,1e-15
542,187.5,707.106781186547,50,3.75,1100,101325,223.15,500,1e-15
543,200,707.106781186547,50,4,1100,101325,223.15,500,1e-15
544,212.5,707.106781186547,50,4.25,1100,101325,223.15,500,1e-15
545,225,707.106781186547,50,4.5,1100,101325,223.15,500,1e-15
546,237.5,707.106781186547,50,4.75,1100,101325,223.15,500,1e-15
547,250,707.106781186547,50,5,1100,101325,223.15,500,1e-15
548,262.5,707.106781186547,50,5.25,1100,101325,223.15,500,1e-15
549,275,707.106781186547,50,5.5,1100,101325,223.15,500,1e-15
550,287.5,707.106781186547,50,5.75,1100,101325,223.15,500,1e-15
551,300,707.106781186547,50,6,1100,101325,223.15,500,1e-15
552,25,840.896415253715,50,0.5,1100,101325,223.15,500,1e-15
553,31.25,840.896415253715,50,0.625,1100,101325,223.15,500,1e-15
554,37.5,840.896415253715,50,0.75,1100,101325,223.15,500,1e-15
555,43.75,840.896415253715,50,0.875,1100,101325,223.15,500,1e-15
556,50,840.896415253715,50,1,1100,101325,223.15,500,1e-15
557,56.25,840.896415253715,50,1.125,1100,101325,223.15,500,1e-15
558,62.5,840.896415253715,50,1.25,1100,101325,223.15,500,1e-15
559,68.75,840.896415253715,50,1.375,1100,101325,223.15,500,1e-15
560,75,840.896415253715,50,1.5,1100,101325,223.15,500,1e-15
561,81.25,840.896415253715,50,1.625,1100,101325,223.15,500,1e-15
562,87.5,840.896415253715,50,1.75,1100,101325,223.15,500,1e-15
563,93.75,840.896415253715,50,1.875,1100,101325,223.15,500,1e-15
564,100,840.896415253715,50,2,1100,101325,223.15,500,1e-15
565,112.5,840.896415253715,50,2.25,1100,101325,223.15,500,1e-15
566,125,840.896415253715,50,2.5,1100,101325,223.15,500,1e-15
567,137.5,840.896415253715,50,2.75,1100,101325,223.15,500,1e-15
568,150,840.896415253715,50,3,1100,101325,223.15,500,1e-15
569,162.5,840.896415253715,50,3.25,1100,101325,223.15,500,1e-15
570,175,840.896415253715,50,3.5,1100,101325,223.15,500,1e-15
571,187.5,840.896415253715,50,3.75,1100,101325,223.15,500,1e-15
572,200,840.896415253715,50,4,1100,101325,223.15,500,1e-15
573,212.5,840.896415253715,50,4.25,1100,101325,223.15,500,1e-15
574,225,840.896415253715,50,4.5,1100,101325,223.15,500,1e-15
575,237.5,840.896415253715,50,4.75,1100,101325,223.15,500,1e-15
576,250,840.896415253715,50,5,1100,101325,223.15,500,1e-15
577,262.5,840.896415253715,50,5.25,1100,101325,223.15,500,1e-15
578,275,840.896415253715,50,5.5,1100,101325,223.15,500,1e-15
579,287.5,840.896415253715,50,5.75,1100,101325,223.15,500,1e-15
580,300,840.896415253715,50,6,1100,101325,223.15,500,1e-15
581,25,1000,50,0.5,1100,101325,223.15,500,1e-15
582,31.25,1000,50,0.625,1100,101325,223.15,500,1e-15
583,37.5,1000,50,0.75,1100,101325,223.15,500,1e-15
584,43.75,1000,50,0.875,1100,101325,223.15,500,1e-15
585,50,1000,50,1,1100,101325,223.15,500,1e-15
586,56.25,1000,50,1.125,1100,101325,223.15,500,1e-15
587,62.5,1000,50,1.25,1100,101325,223.15,500,1e-15
588,68.75,1000,50,1.375,1100,101325,223.15,500,1e-15
589,75,1000,50,1.5,1100,101325,223.15,500,1e-15
590,81.25,1000,50,1.625,1100,101325,223.15,500,1e-15
591,87.5,1000,50,1.75,1100,101325,223.15,500,1e-15
592,93.75,1000,50,1.875,1100,101325,223.15,500,1e-15
593,100,1000,50,2,1100,101325,223.15,500,1e-15
594,112.5,1000,50,2.25,1100,101325,223.15,500,1e-15
595,125,1000,50,2.5,1100,101325,223.15,500,1e-15
596,137.5,1000,50,2.75,1100,101325,223.15,500,1e-15
597,150,1000,50,3,1100,101325,223.15,500,1e-15
598,162.5,1000,50,3.25,1100,101325,223.15,500,1e-15
599,175,1000,50,3.5,1100,101325,223.15,500,1e-15
600,187.5,1000,50,3.75,1100,101325,223.15,500,1e-15
601,200,1000,50,4,1100,101325,223.15,500,1e-15
602,212.5,1000,50,4.25,1100,101325,223.15,500,1e-15
603,225,1000,50,4.5,1100,101325,223.15,500,1e-15
604,237.5,1000,50,4.75,1100,101325,223.15,500,1e-15
605,250,1000,50,5,1100,101325,223.15,500,1e-15
606,262.5,1000,50,5.25,1100,101325,223.15,500,1e-15
607,275,1000,50,5.5,1100,101325,223.15,500,1e-15
608,287.5,1000,50,5.75,1100,101325,223.15,500,1e-15
609,300,1000,50,6,1100,101325,223.15,500,1e-15
610,25,1189.20711500272,50,0.5,1100,101325,223.15,500,1e-15
611,31.25,1189.20711500272,50,0.625,1100,101325,223.15,500,1e-15
612,37.5,1189.20711500272,50,0.75,1100,101325,223.15,500,1e-15
613,43.75,1189.20711500272,50,0.875,1100,101325,223.15,500,1e-15
614,50,1189.20711500272,50,1,1100,101325,223.15,500,1e-15
615,56.25,1189.20711500272,50,1.125,1100,101325,223.15,500,1e-15
616,62.5,1189.20711500272,50,1.25,1100,101325,223.15,500,1e-15
617,68.75,1189.20711500272,50,1.375,1100,101325,223.15,500,1e-15
618,75,1189.20711500272,50,1.5,1100,101325,223.15,500,1e-15
619,81.25,1189.20711500272,50,1.625,1100,101325,223.15,500,1e-15
620,87.5,1189.20711500272,50,1.75,1100,101325,223.15,500,1e-15
621,93.75,1189.20711500272,50,1.875,1100,101325,223.15,500,1e-15
622,100,1189.20711500272,50,2,1100,101325,223.15,500,1e-15
623,112.5,1189.20711500272,50,2.25,1100,101325,223.15,500,1e-15
624,125,1189.20711500272,50,2.5,1100,101325,223.15,500,1e-15
625,137.5,1189.20711500272,50,2.75,1100,101325,223.15,500,1e-15
626,150,1189.20711500272,50,3,1100,101325,223.15,500,1e-15
627,162.5,1189.20711500272,50,3.25,1100,101325,223.15,500,1e-15
628,175,1189.20711500272,50,3.5,1100,101325,223.15,500,1e-15
629,187.5,1189.20711500272,50,3.75,1100,101325,223.15,500,1e-15
630,200,1189.20711500272,50,4,1100,101325,223.15,500,1e-15
631,212.5,1189.20711500272,50,4.25,1100,101325,223.15,500,1e-15
632,225,1189.20711500272,50,4.5,1100,101325,223.15,500,1e-15
633,237.5,1189.20711500272,50,4.75,1100,101325,223.15,500,1e-15
634,250,1189.20711500272,50,5,1100,101325,223.15,500,1e-15
635,262.5,1189.20711500272,50,5.25,1100,101325,223.15,500,1e-15
636,275,1189.20711500272,50,5.5,1100,101325,223.15,500,1e-15
637,287.5,1189.20711500272,50,5.75,1100,101325,223.15,500,1e-15
638,300,1189.20711500272,50,6,1100,101325,223.15,500,1e-15
639,25,1414.2135623731,50,0.5,1100,101325,223.15,500,1e-15
640,31.25,1414.2135623731,50,0.625,1100,101325,223.15,500,1e-15
641,37.5,1414.2135623731,50,0.75,1100,101325,223.15,500,1e-15
642,43.75,1414.2135623731,50,0.875,1100,101325,223.15,500,1e-15
643,50,1414.2135623731,50,1,1100,101325,223.15,500,1e-15
644,56.25,1414.2135623731,50,1.125,1100,101325,223.15,500,1e-15
645,62.5,1414.2135623731,50,1.25,1100,101325,223.15,500,1e-15
646,68.75,1414.2135623731,50,1.375,1100,101325,223.15,500,1e-15
647,75,1414.2135623731,50,1.5,1100,101325,223.15,500,1e-15
648,81.25,1414.2135623731,50,1.625,1100,101325,223.15,500,1e-15
649,87.5,1414.2135623731,50,1.75,1100,101325,223.15,500,1e-15
650,93.75,1414.2135623731,50,1.875,1100,101325,223.15,500,1e-15
651,100,1414.2135623731,50,2,1100,101325,223.15,500,1e-15
652,112.5,1414.2135623731,50,2.25,1100,101325,223.15,500,1e-15
653,125,1414.2135623731,50,2.5,1100,101325,223.15,500,1e-15
654,137.5,1414.2135623731,50,2.75,1100,101325,223.15,500,1e-15
655,150,1414.2135623731,50,3,1100,101325,223.15,500,1e-15
656,162.5,1414.2135623731,50,3.25,1100,101325,223.15,500,1e-15
657,175,1414.2135623731,50,3.5,1100,101325,223.15,500,1e-15
658,187.5,1414.2135623731,50,3.75,1100,101325,223.15,500,1e-15
659,200,1414.2135623731,50,4,1100,101325,223.15,500,1e-15
660,212.5,1414.2135623731,50,4.25,1100,101325,223.15,500,1e-15
661,225,1414.2135623731,50,4.5,1100,101325,223.15,500,1e-15
662,237.5,1414.2135623731,50,4.75,1100,101325,223.15,500,1e-15
663,250,1414.2135623731,50,5,1100,101325,223.15,500,1e-15
664,262.5,1414.2135623731,50,5.25,1100,101325,223.15,500,1e-15
665,275,1414.2135623731,50,5.5,1100,101325,223.15,500,1e-15
666,287.5,1414.2135623731,50,5.75,1100,101325,223.15,500,1e-15
667,300,1414.2135623731,50,6,1100,101325,223.15,500,1e-15
668,25,1681.79283050743,50,0.5,1100,101325,223.15,500,1e-15
669,31.25,1681.79283050743,50,0.625,1100,101325,223.15,500,1e-15
670,37.5,1681.79283050743,50,0.75,1100,101325,223.15,500,1e-15
671,43.75,1681.79283050743,50,0.875,1100,101325,223.15,500,1e-15
672,50,1681.79283050743,50,1,1100,101325,223.15,500,1e-15
673,56.25,1681.79283050743,50,1.125,1100,101325,223.15,500,1e-15
674,62.5,1681.79283050743,50,1.25,1100,101325,223.15,500,1e-15
675,68.75,1681.79283050743,50,1.375,1100,101325,223.15,500,1e-15
676,75,1681.79283050743,50,1.5,1100,101325,223.15,500,1e-15
677,81.25,1681.79283050743,50,1.625,1100,101325,223.15,500,1e-15
678,87.5,1681.79283050743,50,1.75,1100,101325,223.15,500,1e-15
679,93.75,1681.79283050743,50,1.875,1100,101325,223.15,500,1e-15
680,100,1681.79283050743,50,2,1100,101325,223.15,500,1e-15
681,112.5,1681.79283050743,50,2.25,1100,101325,223.15,500,1e-15
682,125,1681.79283050743,50,2.5,1100,101325,223.15,500,1e-15
683,137.5,1681.79283050743,50,2.75,1100,101325,223.15,500,1e-15
684,150,1681.79283050743,50,3,1100,101325,223.15,500,1e-15
685,162.5,1681.79283050743,50,3.25,1100,101325,223.15,500,1e-15
686,175,1681.79283050743,50,3.5,1100,101325,223.15,500,1e-15
687,187.5,1681.79283050743,50,3.75,1100,101325,223.15,500,1e-15
688,200,1681.79283050743,50,4,1100,101325,223.15,500,1e-15
689,212.5,1681.79283050743,50,4.25,1100,101325,223.15,500,1e-15
690,225,1681.79283050743,50,4.5,1100,101325,223.15,500,1e-15
691,237.5,1681.79283050743,50,4.75,1100,101325,223.15,500,1e-15
692,250,1681.79283050743,50,5,1100,101325,223.15,500,1e-15
693,262.5,1681.79283050743,50,5.25,1100,101325,223.15,500,1e-15
694,275,1681.79283050743,50,5.5,1100,101325,223.15,500,1e-15
695,287.5,1681.79283050743,50,5.75,1100,101325,223.15,500,1e-15
696,300,1681.79283050743,50,6,1100,101325,223.15,500,1e-15
697,25,2000,50,0.5,1100,101325,223.15,500,1e-15
698,31.25,2000,50,0.625,1100,101325,223.15,500,1e-15
699,37.5,2000,50,0.75,1100,101325,223.15,500,1e-15
700,43.75,2000,50,0.875,1100,101325,223.15,500,1e-15
701,50,2000,50,1,1100,101325,223.15,500,1e-15
702,56.25,2000,50,1.125,1100,101325,223.15,500,1e-15
703,62.5,2000,50,1.25,1100,101325,223.15,500,1e-15
704,68.75,2000,50,1.375,1100,101325,223.15,500,1e-15
705,75,2000,50,1.5,1100,101325,223.15,500,1e-15
706,81.25,2000,50,1.625,1100,101325,223.15,500,1e-15
707,87.5,2000,50,1.75,1100,101325,223.15,500,1e-15
708,93.75,2000,50,1.875,1100,101325,223.15,500,1e-15
709,100,2000,50,2,1100,101325,223.15,500,1e-15
710,112.5,2000,50,2.25,1100,101325,223.15,500,1e-15
711,125,2000,50,2.5,1100,101325,223.15,500,1e-15
712,137.5,2000,50,2.75,1100,101325,223.15,500,1e-15
713,150,2000,50,3,1100,101325,223.15,500,1e-15
714,162.5,2000,50,3.25,1100,101325,223.15,500,1e-15
715,175,2000,50,3.5,1100,101325,223.15,500,1e-15
716,187.5,2000,50,3.75,1100,101325,223.15,500,1e-15
717,200,2000,50,4,1100,101325,223.15,500,1e-15
718,212.5,2000,50,4.25,1100,101325,223.15,500,1e-15
719,225,2000,50,4.5,1100,101325,223.15,500,1e-15
720,237.5,2000,50,4.75,1100,101325,223.15,500,1e-15
721,250,2000,50,5,1100,101325,223.15,500,1e-15
722,262.5,2000,50,5.25,1100,101325,223.15,500,1e-15
723,275,2000,50,5.5,1100,101325,223.15,500,1e-15
724,287.5,2000,50,5.75,1100,101325,223.15,500,1e-15
725,300,2000,50,6,1100,101325,223.15,500,1e-15
726,25,2990.69756244244,50,0.5,1100,101325,223.15,500,1e-15
727,31.25,2990.69756244244,50,0.625,1100,101325,223.15,500,1e-15
728,37.5,2990.69756244244,50,0.75,1100,101325,223.15,500,1e-15
729,43.75,2990.69756244244,50,0.875,1100,101325,223.15,500,1e-15
730,50,2990.69756244244,50,1,1100,101325,223.15,500,1e-15
731,56.25,2990.69756244244,50,1.125,1100,101325,223.15,500,1e-15
732,62.5,2990.69756244244,50,1.25,1100,101325,223.15,500,1e-15
733,68.75,2990.69756244244,50,1.375,1100,101325,223.15,500,1e-15
734,75,2990.69756244244,50,1.5,1100,101325,223.15,500,1e-15
735,81.25,2990.69756244244,50,1.625,1100,101325,223.15,500,1e-15
736,87.5,2990.69756244244,50,1.75,1100,101325,223.15,500,1e-15
737,93.75,2990.69756244244,50,1.875,1100,101325,223.15,500,1e-15
738,100,2990.69756244244,50,2,1100,101325,223.15,500,1e-15
739,112.5,2990.69756244244,50,2.25,1100,101325,223.15,500,1e-15
740,125,2990.69756244244,50,2.5,1100,101325,223.15,500,1e-15
741,137.5,2990.69756244244,50,2.75,1100,101325,223.15,500,1e-15
742,150,2990.69756244244,50,3,1100,101325,223.15,500,1e-15
743,162.5,2990.69756244244,50,3.25,1100,101325,223.15,500,1e-15
744,175,2990.69756244244,50,3.5,1100,101325,223.15,500,1e-15
745,187.5,2990.69756244244,50,3.75,1100,101325,223.15,500,1e-15
746,200,2990.69756244244,50,4,1100,101325,223.15,500,1e-15
747,212.5,2990.69756244244,50,4.25,1100,101325,223.15,500,1e-15
748,225,2990.69756244244,50,4.5,1100,101325,223.15,500,1e-15
749,237.5,2990.69756244244,50,4.75,1100,101325,223.15,500,1e-15
750,250,2990.69756244244,50,5,1100,101325,223.15,500,1e-15
751,262.5,2990.69756244244,50,5.25,1100,101325,223.15,500,1e-15
752,275,2990.69756244244,50,5.5,1100,101325,223.15,500,1e-15
753,287.5,2990.69756244244,50,5.75,1100,101325,223.15,500,1e-15
754,300,2990.69756244244,50,6,1100,101325,223.15,500,1e-15
755,25,4472.13595499958,50,0.5,1100,101325,223.15,500,1e-15
756,31.25,4472.13595499958,50,0.625,1100,101325,223.15,500,1e-15
757,37.5,4472.13595499958,50,0.75,1100,101325,223.15,500,1e-15
758,43.75,4472.13595499958,50,0.875,1100,101325,223.15,500,1e-15
759,50,4472.13595499958,50,1,1100,101325,223.15,500,1e-15
760,56.25,4472.13595499958,50,1.125,1100,101325,223.15,500,1e-15
761,62.5,4472.13595499958,50,1.25,1100,101325,223.15,500,1e-15
762,68.75,4472.13595499958,50,1.375,1100,101325,223.15,500,1e-15
763,75,4472.13595499958,50,1.5,1100,101325,223.15,500,1e-15
764,81.25,4472.13595499958,50,1.625,1100,101325,223.15,500,1e-15
765,87.5,4472.13595499958,50,1.75,1100,101325,223.15,500,1e-15
766,93.75,4472.13595499958,50,1.875,1100,101325,223.15,500,1e-15
767,100,4472.13595499958,50,2,1100,101325,223.15,500,1e-15
768,112.5,4472.13595499958,50,2.25,1100,101325,223.15,500,1e-15
769,125,4472.13595499958,50,2.5,1100,101325,223.15,500,1e-15
770,137.5,4472.13595499958,50,2.75,1100,101325,223.15,500,1e-15
771,150,4472.13595499958,50,3,1100,101325,223.15,500,1e-15
772,162.5,4472.13595499958,50,3.25,1100,101325,223.15,500,1e-15
773,175,4472.13595499958,50,3.5,1100,101325,223.15,500,1e-15
774,187.5,4472.13595499958,50,3.75,1100,101325,223.15,500,1e-15
775,200,4472.13595499958,50,4,1100,101325,223.15,500,1e-15
776,212.5,4472.13595499958,50,4.25,1100,101325,223.15,500,1e-15
777,225,4472.13595499958,50,4.5,1100,101325,223.15,500,1e-15
778,237.5,4472.13595499958,50,4.75,1100,101325,223.15,500,1e-15
779,250,4472.13595499958,50,5,1100,101325,223.15,500,1e-15
780,262.5,4472.13595499958,50,5.25,1100,101325,223.15,500,1e-15
781,275,4472.13595499958,50,5.5,1100,101325,223.15,500,1e-15
782,287.5,4472.13595499958,50,5.75,1100,101325,223.15,500,1e-15
783,300,4472.13595499958,50,6,1100,101325,223.15,500,1e-15
784,25,6687.40304976422,50,0.5,1100,101325,223.15,500,1e-15
785,31.25,6687.40304976422,50,0.625,1100,101325,223.15,500,1e-15
786,37.5,6687.40304976422,50,0.75,1100,101325,223.15,500,1e-15
787,43.75,6687.40304976422,50,0.875,1100,101325,223.15,500,1e-15
788,50,6687.40304976422,50,1,1100,101325,223.15,500,1e-15
789,56.25,6687.40304976422,50,1.125,1100,101325,223.15,500,1e-15
790,62.5,6687.40304976422,50,1.25,1100,101325,223.15,500,1e-15
791,68.75,6687.40304976422,50,1.375,1100,101325,223.15,500,1e-15
792,75,6687.40304976422,50,1.5,1100,101325,223.15,500,1e-15
793,81.25,6687.40304976422,50,1.625,1100,101325,223.15,500,1e-15
794,87.5,6687.40304976422,50,1.75,1100,101325,223.15,500,1e-15
795,93.75,6687.40304976422,50,1.875,1100,101325,223.15,500,1e-15
796,100,6687.40304976422,50,2,1100,101325,223.15,500,1e-15
797,112.5,6687.40304976422,50,2.25,1100,101325,223.15,500,1e-15
798,125,6687.40304976422,50,2.5,1100,101325,223.15,500,1e-15
799,137.5,6687.40304976422,50,2.75,1100,101325,223.15,500,1e-15
800,150,6687.40304976422,50,3,1100,101325,223.15,500,1e-15
801,162.5,6687.40304976422,50,3.25,1100,101325,223.15,500,1e-15
802,175,6687.40304976422,50,3.5,1100,101325,223.15,500,1e-15
803,187.5,6687.40304976422,50,3.75,1100,101325,223.15,500,1e-15
804,200,6687.40304976422,50,4,1100,101325,223.15,500,1e-15
805,212.5,6687.40304976422,50,4.25,1100,101325,223.15,500,1e-15
806,225,6687.40304976422,50,4.5,1100,101325,223.15,500,1e-15
807,237.5,6687.40304976422,50,4.75,1100,101325,223.15,500,1e-15
808,250,6687.40304976422,50,5,1100,101325,223.15,500,1e-15
809,262.5,6687.40304976422,50,5.25,1100,101325,223.15,500,1e-15
810,275,6687.40304976422,50,5.5,1100,101325,223.15,500,1e-15
811,287.5,6687.40304976422,50,5.75,1100,101325,223.15,500,1e-15
812,300,6687.40304976422,50,6,1100,101325,223.15,500,1e-15
813,25,10000,50,0.5,1100,101325,223.15,500,1e-15
814,31.25,10000,50,0.625,1100,101325,223.15,500,1e-15
815,37.5,10000,50,0.75,1100,101325,223.15,500,1e-15
816,43.75,10000,50,0.875,1100,101325,223.15,500,1e-15
817,50,10000,50,1,1100,101325,223.15,500,1e-15
818,56.25,10000,50,1.125,1100,101325,223.15,500,1e-15
819,62.5,10000,50,1.25,1100,101325,223.15,500,1e-15
820,68.75,10000,50,1.375,1100,101325,223.15,500,1e-15
821,75,10000,50,1.5,1100,101325,223.15,500,1e-15
822,81.25,10000,50,1.625,1100,101325,223.15,500,1e-15
823,87.5,10000,50,1.75,1100,101325,223.15,500,1e-15
824,93.75,10000,50,1.875,1100,101325,223.15,500,1e-15
825,100,10000,50,2,1100,101325,223.15,500,1e-15
826,112.5,10000,50,2.25,1100,101325,223.15,500,1e-15
827,125,10000,50,2.5,1100,101325,223.15,500,1e-15
828,137.5,10000,50,2.75,1100,101325,223.15,500,1e-15
829,150,10000,50,3,1100,101325,223.15,500,1e-15
830,162.5,10000,50,3.25,1100,101325,223.15,500,1e-15
831,175,10000,50,3.5,1100,101325,223.15,500,1e-15
832,187.5,10000,50,3.75,1100,101325,223.15,500,1e-15
833,200,10000,50,4,1100,101325,223.15,500,1e-15
834,212.5,10000,50,4.25,1100,101325,223.15,500,1e-15
835,225,10000,50,4.5,1100,101325,223.15,500,1e-15
836,237.5,10000,50,4.75,1100,101325,223.15,500,1e-15
837,250,10000,50,5,1100,101325,223.15,500,1e-15
838,262.5,10000,50,5.25,1100,101325,223.15,500,1e-15
839,275,10000,50,5.5,1100,101325,223.15,500,1e-15
840,287.5,10000,50,5.75,1100,101325,223.15,500,1e-15
841,300,10000,50,6,1100,101325,223.15,500,1e-15
842,25,31622.7766016838,50,0.5,1100,101325,223.15,500,1e-15
843,31.25,31622.7766016838,50,0.625,1100,101325,223.15,500,1e-15
844,37.5,31622.7766016838,50,0.75,1100,101325,223.15,500,1e-15
845,43.75,31622.7766016838,50,0.875,1100,101325,223.15,500,1e-15
846,50,31622.7766016838,50,1,1100,101325,223.15,500,1e-15
847,56.25,31622.7766016838,50,1.125,1100,101325,223.15,500,1e-15
848,62.5,31622.7766016838,50,1.25,1100,101325,223.15,500,1e-15
849,68.75,31622.7766016838,50,1.375,1100,101325,223.15,500,1e-15
850,75,31622.7766016838,50,1.5,1100,101325,223.15,500,1e-15
851,81.25,31622.7766016838,50,1.625,1100,101325,223.15,500,1e-15
852,87.5,31622.7766016838,50,1.75,1100,101325,223.15,500,1e-15
853,93.75,31622.7766016838,50,1.875,1100,101325,223.15,500,1e-15
854,100,31622.7766016838,50,2,1100,101325,223.15,500,1e-15
855,112.5,31622.7766016838,50,2.25,1100,101325,223.15,500,1e-15
856,125,31622.7766016838,50,2.5,1100,101325,223.15,500,1e-15
857,137.5,31622.7766016838,50,2.75,1100,101325,223.15,500,1e-15
858,150,31622.7766016838,50,3,1100,101325,223.15,500,1e-15
859,162.5,31622.7766016838,50,3.25,1100,101325,223.15,500,1e-15
860,175,31622.7766016838,50,3.5,1100,101325,223.15,500,1e-15
861,187.5,31622.7766016838,50,3.75,1100,101325,223.15,500,1e-15
862,200,31622.7766016838,50,4,1100,101325,223.15,500,1e-15
863,212.5,31622.7766016838,50,4.25,1100,101325,223.15,500,1e-15
864,225,31622.7766016838,50,4.5,1100,101325,223.15,500,1e-15
865,237.5,31622.7766016838,50,4.75,1100,101325,223.15,500,1e-15
866,250,31622.7766016838,50,5,1100,101325,223.15,500,1e-15
867,262.5,31622.7766016838,50,5.25,1100,101325,223.15,500,1e-15
868,275,31622.7766016838,50,5.5,1100,101325,223.15,500,1e-15
869,287.5,31622.7766016838,50,5.75,1100,101325,223.15,500,1e-15
870,300,31622.7766016838,50,6,1100,101325,223.15,500,1e-15
871,25,100000,50,0.5,1100,101325,223.15,500,1e-15
872,31.25,100000,50,0.625,1100,101325,223.15,500,1e-15
873,37.5,100000,50,0.75,1100,101325,223.15,500,1e-15
874,43.75,100000,50,0.875,1100,101325,223.15,500,1e-15
875,50,100000,50,1,1100,101325,223.15,500,1e-15
876,56.25,100000,50,1.125,1100,101325,223.15,500,1e-15
877,62.5,100000,50,1.25,1100,101325,223.15,500,1e-15
878,68.75,100000,50,1.375,1100,101325,223.15,500,1e-15
879,75,100000,50,1.5,1100,101325,223.15,500,1e-15
880,81.25,100000,50,1.625,1100,101325,223.15,500,1e-15
881,87.5,100000,50,1.75,1100,101325,223.15,500,1e-15
882,93.75,100000,50,1.875,1100,101325,223.15,500,1e-15
883,100,100000,50,2,1100,101325,223.15,500,1e-15
884,112.5,100000,50,2.25,1100,101325,223.15,500,1e-15
885,125,100000,50,2.5,1100,101325,223.15,500,1e-15
886,137.5,100000,50,2.75,1100,101325,223.15,500,1e-15
887,150,100000,50,3,1100,101325,223.15,500,1e-15
888,162.5,100000,50,3.25,1100,101325,223.15,500,1e-15
889,175,100000,50,3.5,1100,101325,223.15,500,1e-15
890,187.5,100000,50,3.75,1100,101325,223.15,500,1e-15
891,200,100000,50,4,1100,101325,223.15,500,1e-15
892,212.5,100000,50,4.25,1100,101325,223.15,500,1e-15
893,225,100000,50,4.5,1100,101325,223.15,500,1e-15
894,237.5,100000,50,4.75,1100,101325,223.15,500,1e-15
895,250,100000,50,5,1100,101325,223.15,500,1e-15
896,262.5,100000,50,5.25,1100,101325,223.15,500,1e-15
897,275,100000,50,5.5,1100,101325,223.15,500,1e-15
898,287.5,100000,50,5.75,1100,101325,223.15,500,1e-15
899,300,100000,50,6,1100,101325,223.15,500,1e-15
900,25,316227.766016838,50,0.5,1100,101325,223.15,500,1e-15
901,31.25,316227.766016838,50,0.625,1100,101325,223.15,500,1e-15
902,37.5,316227.766016838,50,0.75,1100,101325,223.15,500,1e-15
903,43.75,316227.766016838,50,0.875,1100,101325,223.15,500,1e-15
904,50,316227.766016838,50,1,1100,101325,223.15,500,1e-15
905,56.25,316227.766016838,50,1.125,1100,101325,223.15,500,1e-15
906,62.5,316227.766016838,50,1.25,1100,101325,223.15,500,1e-15
907,68.75,316227.766016838,50,1.375,1100,101325,223.15,500,1e-15
908,75,316227.766016838,50,1.5,1100,101325,223.15,500,1e-15
909,81.25,316227.766016838,50,1.625,1100,101325,223.15,500,1e-15
910,87.5,316227.766016838,50,1.75,1100,101325,223.15,500,1e-15
911,93.75,316227.766016838,50,1.875,1100,101325,223.15,500,1e-15
912,100,316227.766016838,50,2,1100,101325,223.15,500,1e-15
913,112.5,316227.766016838,50,2.25,1100,101325,223.15,500,1e-15
914,125,316227.766016838,50,2.5,1100,101325,223.15,500,1e-15
915,137.5,316227.766016838,50,2.75,1100,101325,223.15,500,1e-15
916,150,316227.766016838,50,3,1100,101325,223.15,500,1e-15
917,162.5,316227.766016838,50,3.25,1100,101325,223.15,500,1e-15
918,175,316227.766016838,50,3.5,1100,101325,223.15,500,1e-15
919,187.5,316227.766016838,50,3.75,1100,101325,223.15,500,1e-15
920,200,316227.766016838,50,4,1100,101325,223.15,500,1e-15
921,212.5,316227.766016838,50,4.25,1100,101325,223.15,500,1e-15
922,225,316227.766016838,50,4.5,1100,101325,223.15,500,1e-15
923,237.5,316227.766016838,50,4.75,1100,101325,223.15,500,1e-15
924,250,316227.766016838,50,5,1100,101325,223.15,500,1e-15
925,262.5,316227.766016838,50,5.25,1100,101325,223.15,500,1e-15
926,275,316227.766016838,50,5.5,1100,101325,223.15,500,1e-15
927,287.5,316227.766016838,50,5.75,1100,101325,223.15,500,1e-15
928,300,316227.766016838,50,6,1100,101325,223.15,500,1e-15
929,25,1000000,50,0.5,1100,101325,223.15,500,1e-15
930,31.25,1000000,50,0.625,1100,101325,223.15,500,1e-15
931,37.5,1000000,50,0.75,1100,101325,223.15,500,1e-15
932,43.75,1000000,50,0.875,1100,101325,223.15,500,1e-15
933,50,1000000,50,1,1100,101325,223.15,500,1e-15
934,56.25,1000000,50,1.125,1100,101325,223.15,500,1e-15
935,62.5,1000000,50,1.25,1100,101325,223.15,500,1e-15
936,68.75,1000000,50,1.375,1100,101325,223.15,500,1e-15
937,75,1000000,50,1.5,1100,101325,223.15,500,1e-15
938,81.25,1000000,50,1.625,1100,101325,223.15,500,1e-15
939,87.5,1000000,50,1.75,1100,101325,223.15,500,1e-15
940,93.75,1000000,50,1.875,1100,101325,223.15,500,1e-15
941,100,1000000,50,2,1100,101325,223.15,500,1e-15
942,112.5,1000000,50,2.25,1100,101325,223.15,500,1e-15
943,125,1000000,50,2.5,1100,101325,223.15,500,1e-15
944,137.5,1000000,50,2.75,1100,101325,223.15,500,1e-15
945,150,1000000,50,3,1100,101325,223.15,500,1e-15
946,162.5,1000000,50,3.25,1100,101325,223.15,500,1e-15
947,175,1000000,50,3.5,1100,101325,223.15,500,1e-15
948,187.5,1000000,50,3.75,1100,101325,223.15,500,1e-15
949,200,1000000,50,4,1100,101325,223.15,500,1e-15
950,212.5,1000000,50,4.25,1100,101325,223.15,500,1e-15
951,225,1000000,50,4.5,1100,101325,223.15,500,1e-15
952,237.5,1000000,50,4.75,1100,101325,223.15,500,1e-15
953,250,1000000,50,5,1100,101325,223.15,500,1e-15
954,262.5,1000000,50,5.25,1100,101325,223.15,500,1e-15
955,275,1000000,50,5.5,1100,101325,223.15,500,1e-15
956,287.5,1000000,50,5.75,1100,101325,223.15,500,1e-15
957,300,1000000,50,6,1100,101325,223.15,500,1e-15
