source_member,file,kind,bytes,sha256,code_entry,numerical_source,review_scope,rights_status
figure 모음/Fig1.pdf,figures/manuscript/main/Fig1.pdf,author-composed main figure,2783365,4dc47a0b01c3ad5f601bee3cd8725ee796c85ab0bb613295188b8289f12493a3,see constituent panel entries,see constituent panel entries,Original author layout preserved; not a newly generated code export.,author-owned; public redistribution approved under CC BY 4.0
figure 모음/Fig1ab.png,figures/manuscript/artwork/Fig1ab.png,conceptual artwork,1421758,ca0065cab3d77558e4ae4296595431432d1b2f0a97351b2fbfcf6155f3a1adb2,not a numerical plotter,not applicable,Original author-supplied conceptual illustration; author ownership confirmed; released under CC BY 4.0.,author-owned; public redistribution approved under CC BY 4.0
figure 모음/Fig1c.PNG,figures/manuscript/artwork/Fig1c.png,conceptual artwork,1397295,39a82c366943723fd46a0e96c4cc4d431ee197eccfe3263aea5a2322a6db9cee,not a numerical plotter,not applicable,Original author-supplied conceptual illustration; author ownership confirmed; released under CC BY 4.0.,author-owned; public redistribution approved under CC BY 4.0
figure 모음/Fig2.pdf,figures/manuscript/main/Fig2.pdf,author-composed main figure,109409,3ba24c3ebabc0584755939fff7318123738cbfe42e56dd006a53380d9acdefb6,see constituent panel entries,see constituent panel entries,Original author layout preserved; not a newly generated code export.,author-owned; public redistribution approved under CC BY 4.0
figure 모음/Fig2a.pdf,figures/manuscript/panels/Fig2a.pdf,author-supplied numerical panel,79987,131a7b113cdacbf32d02fba40ff8f7ba1824618ff4c4b1650af1b210d060062d,code/workload/run_workload_analysis.m,raw BurstGPT input; token_density.csv generated locally,Original density figure supplied; no full-precision histogram is inferred from the PDF.,author-owned; public redistribution approved under CC BY 4.0
figure 모음/Fig2b.pdf,figures/manuscript/panels/Fig2b.pdf,author-supplied numerical panel,11869,18fb5283c54da802267182eaab128e3649da9fb9a46de57c67553227cf343631,code/figures/plot_workload_figures.m,data/processed/workload_occupancy.csv,Request-count and elapsed-time shares.,author-owned; public redistribution approved under CC BY 4.0
figure 모음/Fig2c.pdf,figures/manuscript/panels/Fig2c.pdf,author-supplied numerical panel,13729,32fd8edcd686929632cdb8ff6c10b268bab57d395a0a8bfe9e2f8c1c5d105cdb,code/figures/plot_workload_figures.m,data/processed/activity_statistics.csv,Activity and archived bootstrap intervals.,author-owned; public redistribution approved under CC BY 4.0
figure 모음/Fig3.pdf,figures/manuscript/main/Fig3.pdf,author-composed main figure,191521,e957438e15dfd0e7f054008a941f3e27d751406ae098c04bcf712e504a231593,see constituent panel entries,see constituent panel entries,Original author layout preserved; not a newly generated code export.,author-owned; public redistribution approved under CC BY 4.0
figure 모음/Fig3a.pdf,figures/manuscript/panels/Fig3a.pdf,author-supplied numerical panel,24418,f0bbed44d528ff4d6a0381ee57848eddb0b479bc24ee0556aeb37390b7d2fc5f,code/figures/plot_serving_figures.m,data/processed/nim_benchmark.csv,Latency/concurrency curves.,author-owned; public redistribution approved under CC BY 4.0
figure 모음/Fig3b.pdf,figures/manuscript/panels/Fig3b.pdf,author-supplied numerical panel,78010,449cd9a5445e6236d58a86e76877c6b78608e7d219feeb72b53870550372885b,code/figures/plot_serving_figures.m,data/results/reference/serving_capacity_by_slo.csv,Three displayed SLOs; no reliability MC in this plot.,author-owned; public redistribution approved under CC BY 4.0
figure 모음/Fig3c.pdf,figures/manuscript/panels/Fig3c.pdf,author-supplied numerical panel,13956,2e0e27eb2bd47a6aedf7b6ba60df5582e356440cc7b96d87c07bcfd9888f905b,code/figures/plot_serving_figures.m,data/results/reference/serving_budget_contributions.csv,Type-E budget shares 13.1% and 48.6%.,author-owned; public redistribution approved under CC BY 4.0
figure 모음/Fig3d.pdf,figures/manuscript/panels/Fig3d.pdf,author-supplied numerical panel,17329,bb40f59959894b2534e643d129bb0031b239e12aef2d47749a0d0dce29bf4c8d,code/figures/plot_release_figures.m,data/results/reference/exact/primary_overload_curve.csv,Headline N95=5876 and 991 visually/textually checked.,author-owned; public redistribution approved under CC BY 4.0
figure 모음/Fig3e.pdf,figures/manuscript/panels/Fig3e.pdf,author-supplied numerical panel,54542,da17be4dec5618a0af8774d937ab52fa2f963125bd613488af49d3541671e3e4,code/figures/plot_release_figures.m,data/results/reference/exact/single_instance_exact.csv,Headline N95=5876 and 991 visually checked; PDF contains raster artwork.,author-owned; public redistribution approved under CC BY 4.0
figure 모음/Fig4.pdf,figures/manuscript/main/Fig4.pdf,author-composed main figure,1837021,358935c6056ea6646932790ea8c56a8e7cdd695d1ae2f16077fc54953ec0548c,see constituent panel entries,see constituent panel entries,Original author layout preserved; not a newly generated code export.,author-owned; public redistribution approved under CC BY 4.0
figure 모음/Fig4a.png,figures/manuscript/artwork/Fig4a.png,conceptual artwork,1785121,0716aa18b7b6ad40987bfd55798db48571baa66456bfeec721d38fd1cc55c73b,not a numerical plotter,not applicable,Original author-supplied conceptual illustration; author ownership confirmed; released under CC BY 4.0.,author-owned; public redistribution approved under CC BY 4.0
figure 모음/Fig4b.pdf,figures/manuscript/panels/Fig4b.pdf,author-supplied numerical panel,32491,2296da1eb9c53c052b5f61f31ece851ed52dddcdf028863de516cca05331a70a,code/figures/plot_thermal_reference_figures.m,data/results/reference/thermal/map/Fig4b_v3_dense_12h_summary.csv,Archived 957-case map; supplied PDF does not certify new sweep execution.,author-owned; public redistribution approved under CC BY 4.0
figure 모음/Fig4c.pdf,figures/manuscript/panels/Fig4c.pdf,author-supplied numerical panel,19825,88a4726af8081f77aded51e4824b504d5e3327d16508aef35f988e81336c3e8c,code/figures/plot_thermal_reference_figures.m,data/results/reference/thermal/duct/thermal_v5_duct_fine_summary.csv,Selected common duct scale 1.5.,author-owned; public redistribution approved under CC BY 4.0
figure 모음/Fig4d.pdf,figures/manuscript/panels/Fig4d.pdf,author-supplied numerical panel,20025,512829cac4baec7737e67e97fb544c8e3f72e56961779581fed4ba15df96c188,code/figures/plot_thermal_reference_figures.m,data/results/reference/thermal/robustness/thermal_fig4d_robustness_summary.csv,Thermal margin and environmental-corner results.,author-owned; public redistribution approved under CC BY 4.0
corrected manuscript page-9 figure crop (2026-09-30 17:38),figures/manuscript/main/Fig5.pdf,author-composed main figure,317359,d8c87a46ff475855ac391b3700e7ed028e95cf45a6071118ca11252313226099,see constituent panel entries,see constituent panel entries,Assembled Fig. 5 with corrected 1.275-kW Fig. 5d; cropped from the author-supplied corrected manuscript.,author-owned; public redistribution approved under CC BY 4.0
figure 모음/Fig5a.pdf,figures/manuscript/panels/Fig5a.pdf,author-supplied numerical panel,21698,4e130b3d9dad187c0fb7c3cbeffee69accc5ffc92ccdca70162d05385975a1fd,code/figures/plot_release_figures.m,data/results/reference/exact/activity_quantiles_exact.csv,174/5876 and 34/991 labels checked; no 962 headline.,author-owned; public redistribution approved under CC BY 4.0
figure 모음/Fig5b.pdf,figures/manuscript/panels/Fig5b.pdf,author-supplied numerical panel,84973,fde2844de9608f10949368d29043e714b1624f48166a7f42e772e25d6fd30bc8,code/figures/plot_release_figures.m,data/results/reference/communication/link_budget.csv,Shannon/gap/floor curves; 0.64-W label at 60 km.,author-owned; public redistribution approved under CC BY 4.0
figure 모음/Fig5c.pdf,figures/manuscript/panels/Fig5c.pdf,author-supplied numerical panel,42062,49a41d68b90350e60144028cb54b6b4d2d70115d9b0d2645bb8287b52d7f396d,code/figures/plot_release_figures.m,data/results/reference/communication/radio_power.csv,"EARTH component-model reference, not measured HAPS radio power.",author-owned; public redistribution approved under CC BY 4.0
author-corrected Fig5d_v5.pdf (2026-09-30),figures/manuscript/panels/Fig5d.pdf,author-supplied numerical panel,14834,e82b8f367849f04f4a693ecbed33986ef831b800d464ed3a845ca9114df7fb34,code/figures/plot_release_figures.m,data/results/reference/fig05d_author_export.csv,Corrected 1.275-kW normalization; panel vector coordinates match the current author-export values.,author-owned; public redistribution approved under CC BY 4.0
figure 모음/Fig6.pdf,figures/manuscript/main/Fig6.pdf,author-composed main figure,239139,87f6f576d7a615341f1a9f2642f288bf6dc8003177e44e95296c38abaf1d230c,see constituent panel entries,see constituent panel entries,Original author layout preserved; not a newly generated code export.,author-owned; public redistribution approved under CC BY 4.0
figure 모음/Fig6a.pdf,figures/manuscript/panels/Fig6a.pdf,author-supplied numerical panel,21699,a11e025463b2cd00021b5130e53e576e039e64da25ced74e37694986b34bcdc9,code/figures/plot_release_figures.m,data/results/reference/exact/single_instance_exact.csv,Labels 5876/7245/1337/991/936/2784 checked.,author-owned; public redistribution approved under CC BY 4.0
figure 모음/Fig6b.pdf,figures/manuscript/panels/Fig6b.pdf,author-supplied numerical panel,21850,3647e98d33dfb3d42cb240aeced276e3f8b3295ec1b98c89e3c1e06a0cd38589,code/figures/plot_release_figures.m,data/processed/engineering_mass_allocations.csv; data/processed/shared_host_parameters.csv,System-equivalent power/mass and shared-host line.,author-owned; public redistribution approved under CC BY 4.0
figure 모음/Fig6c.pdf,figures/manuscript/panels/Fig6c.pdf,author-supplied numerical panel,20800,a5e2b2952606f40a4086c1a07e634d2c0e4682d014537e2a963f169418677b35,code/figures/plot_release_figures.m,data/results/reference/payload/deployment_limits.csv,Deployable counts checked; neutral IT-only reference kept distinct.,author-owned; public redistribution approved under CC BY 4.0
figure 모음/Fig6d.pdf,figures/manuscript/panels/Fig6d.pdf,author-supplied numerical panel,78684,f651c94d13d7058e2e433e4f00be41ba897fa08d5bd933fc6a044ad24475165c,code/figures/plot_release_figures.m,data/results/reference/fig06d_author_export.csv,"All eight exact capacities visually checked, including 23144 and 22517; PDF contains raster artwork.",author-owned; public redistribution approved under CC BY 4.0
figure 모음/Fig6e.pdf,figures/manuscript/panels/Fig6e.pdf,author-supplied numerical panel,95154,c40e8c3a9465398bc37ee4a9c1c88a7cff088b9dbfed333cc31cb8f0a7770071,code/figures/plot_release_figures.m,data/results/reference/fig06e_author_export.csv,Checkpoints 2/4/7/14 and 1/2/3/5 visually checked; PDF contains raster artwork.,author-owned; public redistribution approved under CC BY 4.0
