source,release_path,operation,sha256
02_reviewed/E1_thermal_core/haps_260818_1722_duct.slx,models/simscape/haps_thermal_reference.slx,byte-preserving copy,7469df2e6711212da9a6fd2497041acf5f37910fff535916dca40bf776a460b5
02_reviewed/E2_thermal_map/haps_260818_1722_duct_fig4b.slx,models/simscape/haps_thermal_map.slx,byte-preserving copy,3022dd5634bea0160655588b5842f0af8c5b783c69bb16342b266cb702da3509
02_reviewed/E2_thermal_map/Fig4b_v3_dense_12h_all_rpm_results.csv,data/results/reference/thermal/map/Fig4b_v3_dense_12h_all_rpm_results.csv,byte-preserving copy,8764a718e2eba45ab49a9d6025d6244ac372b03e2da564a30ab505eb64c503c0
02_reviewed/E2_thermal_map/Fig4b_v3_dense_12h_case_definitions.csv,data/results/reference/thermal/map/Fig4b_v3_dense_12h_case_definitions.csv,byte-preserving copy,d3f5b4cd700c7c92191583baadd6b0c9f7223916dd7dacc942c5e3f9363b3b56
02_reviewed/E2_thermal_map/Fig4b_v3_dense_12h_summary.csv,data/results/reference/thermal/map/Fig4b_v3_dense_12h_summary.csv,byte-preserving copy,df18620e06eda93e4cad7061df2b3290bf92b200499c6af3cee33df24cada66f
02_reviewed/E3_duct_scale/Fig4c_duct_scale_previous_vs_rerun_values.csv,data/results/reference/thermal/duct/Fig4c_duct_scale_previous_vs_rerun_values.csv,byte-preserving copy,3b12a0f12530d2d1c72f15d06232aa59c791f03f6a2880437e38bb5870ff87c5
02_reviewed/E3_duct_scale/Fig4c_duct_scale_u_curve_rerun_values.csv,data/results/reference/thermal/duct/Fig4c_duct_scale_u_curve_rerun_values.csv,byte-preserving copy,0474f30c1d178a2961da9638c1714edfd5c1e7380c782d99232d2ee12ac19337
02_reviewed/E3_duct_scale/thermal_v5_duct_fine_all_rpm_results.csv,data/results/reference/thermal/duct/thermal_v5_duct_fine_all_rpm_results.csv,byte-preserving copy,fd01b411e6ca537bf6fe08d6f91a987e16263ab99e7f5861c9109c574d226b04
02_reviewed/E3_duct_scale/thermal_v5_duct_fine_case_definitions.csv,data/results/reference/thermal/duct/thermal_v5_duct_fine_case_definitions.csv,byte-preserving copy,5d4065888894a282bc748e61ecb19cd465eae3abba4d86608e7112ed88474c0c
02_reviewed/E3_duct_scale/thermal_v5_duct_fine_summary.csv,data/results/reference/thermal/duct/thermal_v5_duct_fine_summary.csv,byte-preserving copy,a46827ed3d4745e89c6cc1728b0d3f2e9f9d116be20df0a0e924296eb3232421
03_pending/E4_thermal_robustness/thermal_fig4d_robustness_all_rpm_results.csv,data/results/reference/thermal/robustness/thermal_fig4d_robustness_all_rpm_results.csv,byte-preserving copy,df4a8893a4cc333bbbb6a8e272234e561ddfd30393c453093ae5aadec5aa58d6
03_pending/E4_thermal_robustness/thermal_fig4d_robustness_case_definitions.csv,data/results/reference/thermal/robustness/thermal_fig4d_robustness_case_definitions.csv,byte-preserving copy,1e8da035b15eaa41d5a2593f154cd8ee0af9cc14ef4c29a00ac8c78505910103
03_pending/E4_thermal_robustness/thermal_fig4d_robustness_convergence_check.csv,data/results/reference/thermal/robustness/thermal_fig4d_robustness_convergence_check.csv,byte-preserving copy,2f309700ad81da140fc788d716fe53df2f9e9d889f39f77d367190105d487b39
03_pending/E4_thermal_robustness/thermal_fig4d_robustness_convergence_comparison.csv,data/results/reference/thermal/robustness/thermal_fig4d_robustness_convergence_comparison.csv,byte-preserving copy,588c58b004d2eb82aab02f361179de5fe9089e690fff0458a61bd6d609222d7c
03_pending/E4_thermal_robustness/thermal_fig4d_robustness_environment_corner.csv,data/results/reference/thermal/robustness/thermal_fig4d_robustness_environment_corner.csv,byte-preserving copy,3c35110569576273abe5a3bc38f6dc664207dc3ddebc6c7e8eab843dfcca5c46
03_pending/E4_thermal_robustness/thermal_fig4d_robustness_summary.csv,data/results/reference/thermal/robustness/thermal_fig4d_robustness_summary.csv,byte-preserving copy,0ae206120332dfee7054a4fdb8e19afea9ec08e4f3ea4b887436b73ae6e62973
03_pending/E4_thermal_robustness/thermal_fig4d_robustness_thermal_margin.csv,data/results/reference/thermal/robustness/thermal_fig4d_robustness_thermal_margin.csv,byte-preserving copy,73baac9123e40e03db8de581d6aa0001946669ab327274b043d016f57c014b52
03_pending/E4b_highload/higher_load_validation_A_fixed_geometry/A_all_rpm_results.csv,data/results/reference/thermal/highload_a/A_all_rpm_results.csv,byte-preserving copy,01348e5c6de9161da5e6a6ddf39f4f0d5550e50bfb2e6974cb9c005d5a7a4e8b
03_pending/E4b_highload/higher_load_validation_A_fixed_geometry/A_summary.csv,data/results/reference/thermal/highload_a/A_summary.csv,byte-preserving copy,1dbd90fcc213d03571fd5683c6e3320e38256d537b2d0cd3b16520c6c93818d8
03_pending/E4b_highload/higher_load_validation_B_UA_envelope/B_UA_requirements.csv,data/results/reference/thermal/highload_b/B_UA_requirements.csv,byte-preserving copy,6089dca06b7223dd783e22cb0dbe5bb998886553dfea951e1c37f5ba24b136aa
03_pending/E4b_highload/higher_load_validation_B_UA_envelope/B_all_rpm_results.csv,data/results/reference/thermal/highload_b/B_all_rpm_results.csv,byte-preserving copy,ade4cf0e4a358c6bd68e7b97e5884bc633656c13c68eb3f203a1d53a5c86504e
03_pending/E4b_highload/higher_load_validation_B_UA_envelope/B_summary.csv,data/results/reference/thermal/highload_b/B_summary.csv,byte-preserving copy,d344df56d2a70358ee078846a3a04835fd3a50e49e7108519f6b1473129ba102
03_pending/E4b_highload/higher_load_validation_C_internal_codesign/C_all_rpm_results.csv,data/results/reference/thermal/highload_c/C_all_rpm_results.csv,byte-preserving copy,dac60ec0efe3ccc1ba25e3717681da41558341ed28085015d705e84220decc32
03_pending/E4b_highload/higher_load_validation_C_internal_codesign/C_low_overhead_candidates.csv,data/results/reference/thermal/highload_c/C_low_overhead_candidates.csv,byte-preserving copy,ca7b70d5ded4f7456a99a9ea19698975cdb67453ba6c6a42a29d42d645485b0d
03_pending/E4b_highload/higher_load_validation_C_internal_codesign/C_summary.csv,data/results/reference/thermal/highload_c/C_summary.csv,byte-preserving copy,c8183033139fccb451a3430e2394b52dd1a4f4ac4b496dec4e95193bbea39d2f
03_pending/E4b_highload/higher_load_validation_C_internal_codesign/C_target_summary.csv,data/results/reference/thermal/highload_c/C_target_summary.csv,byte-preserving copy,0a56ea2c4ca887753b69673a6503dca8eadf0559db5b367cfc70fe18418ad399
03_pending/E4b_highload/higher_load_validation_C2_extended_codesign/C2_all_rpm_results.csv,data/results/reference/thermal/highload_c2/C2_all_rpm_results.csv,byte-preserving copy,b68ce0903f1dc44ed13b45d746e380395a3a4eb4ee03928e37a6f7ce6fc13556
03_pending/E4b_highload/higher_load_validation_C2_extended_codesign/C2_best_by_UA.csv,data/results/reference/thermal/highload_c2/C2_best_by_UA.csv,byte-preserving copy,bc2c16db5d1c75385e474d7617746e29ee4fa2afeca6b3eacb6b5d44a8a72141
03_pending/E4b_highload/higher_load_validation_C2_extended_codesign/C2_best_by_UA_duct.csv,data/results/reference/thermal/highload_c2/C2_best_by_UA_duct.csv,byte-preserving copy,f5f9924213a9315d7c22cc2102ee515573d1e7ebf48b6b3367e122682143c5f4
03_pending/E4b_highload/higher_load_validation_C2_extended_codesign/C2_candidates_le5pct_all.csv,data/results/reference/thermal/highload_c2/C2_candidates_le5pct_all.csv,byte-preserving copy,6d9b32d397431f55019e250d20015eb292337b64419168277018eb573ae6c45b
03_pending/E4b_highload/higher_load_validation_C2_extended_codesign/C2_candidates_le5pct_preferred.csv,data/results/reference/thermal/highload_c2/C2_candidates_le5pct_preferred.csv,byte-preserving copy,ca7b70d5ded4f7456a99a9ea19698975cdb67453ba6c6a42a29d42d645485b0d
03_pending/E4b_highload/higher_load_validation_C2_extended_codesign/C2_combined_summary.csv,data/results/reference/thermal/highload_c2/C2_combined_summary.csv,byte-preserving copy,9e6eaf362a2afa8469c7d2c3d176048f345d1f30487c6675f7c89ee6b41f6b78
03_pending/E4b_highload/higher_load_validation_C2_extended_codesign/C2_summary.csv,data/results/reference/thermal/highload_c2/C2_summary.csv,byte-preserving copy,c7cb27360f15d8a73ec983709f2c7b7335e53d2c0969de2daddddf544e0ec02c
03_pending/E4b_highload/higher_load_validation_C2_extended_codesign/C2_target_summary.csv,data/results/reference/thermal/highload_c2/C2_target_summary.csv,byte-preserving copy,cbc2b3f78504e37c48c982c355976a3cbfe41fd0f96eb8a3c460652c87d26c4b
03_pending/E4b_highload/higher_load_validation_C2_extended_codesign/C2_top_candidates_all.csv,data/results/reference/thermal/highload_c2/C2_top_candidates_all.csv,byte-preserving copy,c6cd0453c9709af21ac70fce2a5759aff286cb2f1a92210c79e99eff7a9b2806
03_pending/E4b_highload/higher_load_validation_C2_extended_codesign/C2_top_candidates_preferred.csv,data/results/reference/thermal/highload_c2/C2_top_candidates_preferred.csv,byte-preserving copy,ca7b70d5ded4f7456a99a9ea19698975cdb67453ba6c6a42a29d42d645485b0d
02_reviewed/D_mapping/MATLAB_alpha_overlap_distance_comparison_tau1800.csv,data/results/reference/workload/mapping_trace_comparison.csv,byte-preserving copy,2ba900216431dcc0a56ebeecdc9a867cb3883c760962754eca281d2d9130ba55
02_reviewed/D_mapping/MATLAB_alpha_range_priority_tau1800.csv,data/results/reference/workload/mapping_priority_diagnostics.csv,byte-preserving copy,a573fa10b5a09981b1a9fc849f46393b990bae061b31d4402520a089e3b330ae
02_reviewed/B_serving/Fig3a_NIM_latency_curves_focused_v2_values.csv,data/results/reference/latency_curves.csv,byte-preserving copy,392a6ea477202138bae78d670c6c7f94ab15c4274b1144a9070c34af74439642
