release_path,source_scope,source_files,operation,sha256
code/workload/classify_workload_pairs.m,02_reviewed/A_workload,02_reviewed/A_workload/burstgpt_recheck_exact_fixed.m ; 02_reviewed/A_workload/make_fig2a_burstgpt_token_map.m ; 02_reviewed/A_workload/make_fig2b_workload_occupancy.m ; 02_reviewed/A_workload/make_fig2c_active_user_fraction_bootstrap.m ; 02_reviewed/A_workload/run_burstgpt_day_bootstrap_ci.m,English public rewrite/refactor; algorithms and intentional differences in changes_stage2.md,67e6b145c6f9ed15c87e532b37a5926f26ed7cc7433b7237497528a694b46072
code/workload/load_burstgpt_pairs.m,02_reviewed/A_workload,02_reviewed/A_workload/burstgpt_recheck_exact_fixed.m ; 02_reviewed/A_workload/make_fig2a_burstgpt_token_map.m ; 02_reviewed/A_workload/make_fig2b_workload_occupancy.m ; 02_reviewed/A_workload/make_fig2c_active_user_fraction_bootstrap.m ; 02_reviewed/A_workload/run_burstgpt_day_bootstrap_ci.m,English public rewrite/refactor; algorithms and intentional differences in changes_stage2.md,2e91a8a2efaba606656d01163960de75025acc25c0159f04526127aa12ab662d
code/workload/load_workload_inputs.m,02_reviewed/A_workload,02_reviewed/A_workload/burstgpt_recheck_exact_fixed.m ; 02_reviewed/A_workload/make_fig2a_burstgpt_token_map.m ; 02_reviewed/A_workload/make_fig2b_workload_occupancy.m ; 02_reviewed/A_workload/make_fig2c_active_user_fraction_bootstrap.m ; 02_reviewed/A_workload/run_burstgpt_day_bootstrap_ci.m,English public rewrite/refactor; algorithms and intentional differences in changes_stage2.md,830ef5a7b21e551efdbf5dc9c2ba206eeabe37e732a9ed56b5eccd9336ee6dfe
code/workload/run_workload_analysis.m,02_reviewed/A_workload,02_reviewed/A_workload/burstgpt_recheck_exact_fixed.m ; 02_reviewed/A_workload/make_fig2a_burstgpt_token_map.m ; 02_reviewed/A_workload/make_fig2b_workload_occupancy.m ; 02_reviewed/A_workload/make_fig2c_active_user_fraction_bootstrap.m ; 02_reviewed/A_workload/run_burstgpt_day_bootstrap_ci.m,English public rewrite/refactor; algorithms and intentional differences in changes_stage2.md,c645a99cbe03428c2eecb1be6e563d3a02d3f0827a74a3ff930ae7ed324b3817
code/workload/summarize_pair_activity.m,02_reviewed/A_workload,02_reviewed/A_workload/burstgpt_recheck_exact_fixed.m ; 02_reviewed/A_workload/make_fig2a_burstgpt_token_map.m ; 02_reviewed/A_workload/make_fig2b_workload_occupancy.m ; 02_reviewed/A_workload/make_fig2c_active_user_fraction_bootstrap.m ; 02_reviewed/A_workload/run_burstgpt_day_bootstrap_ci.m,English public rewrite/refactor; algorithms and intentional differences in changes_stage2.md,297e737108c97b167f37d1845a6c76ea476563a51c988fb07b73fd155c9710ca
code/serving_capacity/build_general_slo_cmax_registry.m,02_reviewed/B_serving,02_reviewed/B_serving/interpolation_historical_context/recompute_interpolation_downstream_N95_fig3d_v3_fixed.m ; 02_reviewed/B_serving/interpolation_historical_context/run_interpolation_downstream_N95_v2.m ; 02_reviewed/B_serving/make_fig3a_nim_latency_curves_focused_v2.m ; 02_reviewed/B_serving/make_fig3b_cmax_by_slo.m ; 02_reviewed/B_serving/make_fig3c_normalized_budget_contribution.m ; 02_reviewed/B_serving/make_fig3d_overload_probability_exact_v3.m ; 02_reviewed/B_serving/make_fig3e_capacity_summary.m,English public rewrite/refactor; algorithms and intentional differences in changes_stage2.md,d1182bb949eafcf1446c4381d770af5ebd62efdebbc2460e1c9c1d413bac58c3
code/serving_capacity/run_serving_analysis.m,02_reviewed/B_serving,02_reviewed/B_serving/interpolation_historical_context/recompute_interpolation_downstream_N95_fig3d_v3_fixed.m ; 02_reviewed/B_serving/interpolation_historical_context/run_interpolation_downstream_N95_v2.m ; 02_reviewed/B_serving/make_fig3a_nim_latency_curves_focused_v2.m ; 02_reviewed/B_serving/make_fig3b_cmax_by_slo.m ; 02_reviewed/B_serving/make_fig3c_normalized_budget_contribution.m ; 02_reviewed/B_serving/make_fig3d_overload_probability_exact_v3.m ; 02_reviewed/B_serving/make_fig3e_capacity_summary.m,English public rewrite/refactor; algorithms and intentional differences in changes_stage2.md,c2151cd997d1bda60ed78af0a1357cd1b2e1e001aa0198673b3fd2cefe3a720a
code/serving_capacity/serving_crossing.m,02_reviewed/B_serving,02_reviewed/B_serving/interpolation_historical_context/recompute_interpolation_downstream_N95_fig3d_v3_fixed.m ; 02_reviewed/B_serving/interpolation_historical_context/run_interpolation_downstream_N95_v2.m ; 02_reviewed/B_serving/make_fig3a_nim_latency_curves_focused_v2.m ; 02_reviewed/B_serving/make_fig3b_cmax_by_slo.m ; 02_reviewed/B_serving/make_fig3c_normalized_budget_contribution.m ; 02_reviewed/B_serving/make_fig3d_overload_probability_exact_v3.m ; 02_reviewed/B_serving/make_fig3e_capacity_summary.m,English public rewrite/refactor; algorithms and intentional differences in changes_stage2.md,faeaebbd681a0ac620af1778bd3bef35be3ce8530f9e6f66ba3c224a102579ae
code/thermal/load_thermal_cases.m,03_pending/E4b_highload,03_pending/E4b_highload/analyze_timeseries.m ; 03_pending/E4b_highload/extract_case_metrics_v2_clean.m ; 03_pending/E4b_highload/recover_C2_reporting_from_summary_only.m ; 03_pending/E4b_highload/run_highload_validation_A_fixed_geometry.m ; 03_pending/E4b_highload/run_highload_validation_B_UA_envelope.m ; 03_pending/E4b_highload/run_highload_validation_C2_extended_codesign.m ; 03_pending/E4b_highload/run_highload_validation_C_internal_codesign.m ; 03_pending/E4b_highload/set_best_design_point_clean.m,English public rewrite/refactor; algorithms and intentional differences in changes_stage2.md,045987fefde712776e519c01ac1c1be236ffde01ef19c2ded4451b2d89c8c273
code/thermal/report_highload_results.m,03_pending/E4b_highload,03_pending/E4b_highload/analyze_timeseries.m ; 03_pending/E4b_highload/extract_case_metrics_v2_clean.m ; 03_pending/E4b_highload/recover_C2_reporting_from_summary_only.m ; 03_pending/E4b_highload/run_highload_validation_A_fixed_geometry.m ; 03_pending/E4b_highload/run_highload_validation_B_UA_envelope.m ; 03_pending/E4b_highload/run_highload_validation_C2_extended_codesign.m ; 03_pending/E4b_highload/run_highload_validation_C_internal_codesign.m ; 03_pending/E4b_highload/set_best_design_point_clean.m,English public rewrite/refactor; algorithms and intentional differences in changes_stage2.md,00e281728087b57f24fc5c8ffccfdadf8d68ec4845bbcc884a7610acde749245
code/thermal/run_thermal_point.m,03_pending/E4b_highload,03_pending/E4b_highload/analyze_timeseries.m ; 03_pending/E4b_highload/extract_case_metrics_v2_clean.m ; 03_pending/E4b_highload/recover_C2_reporting_from_summary_only.m ; 03_pending/E4b_highload/run_highload_validation_A_fixed_geometry.m ; 03_pending/E4b_highload/run_highload_validation_B_UA_envelope.m ; 03_pending/E4b_highload/run_highload_validation_C2_extended_codesign.m ; 03_pending/E4b_highload/run_highload_validation_C_internal_codesign.m ; 03_pending/E4b_highload/set_best_design_point_clean.m,English public rewrite/refactor; algorithms and intentional differences in changes_stage2.md,c710c118d0fd97e52558daa0a31bb95e85dfbfade95c9c5f085506bd40eb5995
code/thermal/run_thermal_smoke_test.m,03_pending/E4b_highload,03_pending/E4b_highload/analyze_timeseries.m ; 03_pending/E4b_highload/extract_case_metrics_v2_clean.m ; 03_pending/E4b_highload/recover_C2_reporting_from_summary_only.m ; 03_pending/E4b_highload/run_highload_validation_A_fixed_geometry.m ; 03_pending/E4b_highload/run_highload_validation_B_UA_envelope.m ; 03_pending/E4b_highload/run_highload_validation_C2_extended_codesign.m ; 03_pending/E4b_highload/run_highload_validation_C_internal_codesign.m ; 03_pending/E4b_highload/set_best_design_point_clean.m,English public rewrite/refactor; algorithms and intentional differences in changes_stage2.md,6c4510e226d512c5afda6707c21f9d2c760c39caf0560750619db945dd878f31
code/thermal/run_thermal_study.m,03_pending/E4b_highload,03_pending/E4b_highload/analyze_timeseries.m ; 03_pending/E4b_highload/extract_case_metrics_v2_clean.m ; 03_pending/E4b_highload/recover_C2_reporting_from_summary_only.m ; 03_pending/E4b_highload/run_highload_validation_A_fixed_geometry.m ; 03_pending/E4b_highload/run_highload_validation_B_UA_envelope.m ; 03_pending/E4b_highload/run_highload_validation_C2_extended_codesign.m ; 03_pending/E4b_highload/run_highload_validation_C_internal_codesign.m ; 03_pending/E4b_highload/set_best_design_point_clean.m,English public rewrite/refactor; algorithms and intentional differences in changes_stage2.md,6d49ed04ab9de546784c4d60b404c42c25d58d005f49c6ab7c13e7495c38b9b7
code/thermal/search_thermal_speed.m,03_pending/E4b_highload,03_pending/E4b_highload/analyze_timeseries.m ; 03_pending/E4b_highload/extract_case_metrics_v2_clean.m ; 03_pending/E4b_highload/recover_C2_reporting_from_summary_only.m ; 03_pending/E4b_highload/run_highload_validation_A_fixed_geometry.m ; 03_pending/E4b_highload/run_highload_validation_B_UA_envelope.m ; 03_pending/E4b_highload/run_highload_validation_C2_extended_codesign.m ; 03_pending/E4b_highload/run_highload_validation_C_internal_codesign.m ; 03_pending/E4b_highload/set_best_design_point_clean.m,English public rewrite/refactor; algorithms and intentional differences in changes_stage2.md,51a5b58a57fc777ea3480ff30c09fef68b5a8a8dd28400bf26175ad909016177
code/thermal/thermal_model_session.m,03_pending/E4b_highload,03_pending/E4b_highload/analyze_timeseries.m ; 03_pending/E4b_highload/extract_case_metrics_v2_clean.m ; 03_pending/E4b_highload/recover_C2_reporting_from_summary_only.m ; 03_pending/E4b_highload/run_highload_validation_A_fixed_geometry.m ; 03_pending/E4b_highload/run_highload_validation_B_UA_envelope.m ; 03_pending/E4b_highload/run_highload_validation_C2_extended_codesign.m ; 03_pending/E4b_highload/run_highload_validation_C_internal_codesign.m ; 03_pending/E4b_highload/set_best_design_point_clean.m,English public rewrite/refactor; algorithms and intentional differences in changes_stage2.md,6411f1d57277ca64eeda80d02dd536c325f8dc4236c70ff00cdcf515629a7bff
code/thermal/thermal_tail_statistics.m,03_pending/E4b_highload,03_pending/E4b_highload/analyze_timeseries.m ; 03_pending/E4b_highload/extract_case_metrics_v2_clean.m ; 03_pending/E4b_highload/recover_C2_reporting_from_summary_only.m ; 03_pending/E4b_highload/run_highload_validation_A_fixed_geometry.m ; 03_pending/E4b_highload/run_highload_validation_B_UA_envelope.m ; 03_pending/E4b_highload/run_highload_validation_C2_extended_codesign.m ; 03_pending/E4b_highload/run_highload_validation_C_internal_codesign.m ; 03_pending/E4b_highload/set_best_design_point_clean.m,English public rewrite/refactor; algorithms and intentional differences in changes_stage2.md,57d2c14e3de1c1b664589e044c78ff293d156541e8216b8b586632a218f756fc
code/validation/check_matlab_code.m,03_pending/MC_validation,03_pending/MC_validation/independent_seed/run_fig3d_multiseed_fixedpath_v3.m ; 03_pending/MC_validation/run_70B_pooled_monte_carlo_N95.m ; 03_pending/MC_validation/run_8B_pooled_monte_carlo_N95.m,English public rewrite/refactor; algorithms and intentional differences in changes_stage2.md,1dd6f397769e35dd6bcdeeec16ebbb7b561cf48ec47dfeb5ea39d931d6686f32
code/validation/package_validation_results.m,03_pending/MC_validation,03_pending/MC_validation/independent_seed/run_fig3d_multiseed_fixedpath_v3.m ; 03_pending/MC_validation/run_70B_pooled_monte_carlo_N95.m ; 03_pending/MC_validation/run_8B_pooled_monte_carlo_N95.m,English public rewrite/refactor; algorithms and intentional differences in changes_stage2.md,3ebc6c7c5b020a6fa9530b4edf3bf2802323fa4b09876efb39ec76c543399941
code/validation/record_environment.m,03_pending/MC_validation,03_pending/MC_validation/independent_seed/run_fig3d_multiseed_fixedpath_v3.m ; 03_pending/MC_validation/run_70B_pooled_monte_carlo_N95.m ; 03_pending/MC_validation/run_8B_pooled_monte_carlo_N95.m,English public rewrite/refactor; algorithms and intentional differences in changes_stage2.md,21f8830d9e97434824b810a751c7ae3b6ecc2ae20490607492e2e473c994f0da
code/validation/record_repository_snapshot.m,03_pending/MC_validation,03_pending/MC_validation/independent_seed/run_fig3d_multiseed_fixedpath_v3.m ; 03_pending/MC_validation/run_70B_pooled_monte_carlo_N95.m ; 03_pending/MC_validation/run_8B_pooled_monte_carlo_N95.m,English public rewrite/refactor; algorithms and intentional differences in changes_stage2.md,021a0b9e49321d28c594824a02945c835b2713e00e0b4aadace48d98fed27217
code/validation/run_monte_carlo_validation.m,03_pending/MC_validation,03_pending/MC_validation/independent_seed/run_fig3d_multiseed_fixedpath_v3.m ; 03_pending/MC_validation/run_70B_pooled_monte_carlo_N95.m ; 03_pending/MC_validation/run_8B_pooled_monte_carlo_N95.m,English public rewrite/refactor; algorithms and intentional differences in changes_stage2.md,cdeeb816ebd98fea409505ffc82fcd8ff78c3163fd410e3af57aafb74b638648
code/validation/test_workload_helpers.m,03_pending/MC_validation,03_pending/MC_validation/independent_seed/run_fig3d_multiseed_fixedpath_v3.m ; 03_pending/MC_validation/run_70B_pooled_monte_carlo_N95.m ; 03_pending/MC_validation/run_8B_pooled_monte_carlo_N95.m,English public rewrite/refactor; algorithms and intentional differences in changes_stage2.md,faa1f6d57b34a67b3d2a8b2f7d81460c5f10392fcc645ff5a25eac366ec0fc4b
code/validation/validate_release.m,03_pending/MC_validation,03_pending/MC_validation/independent_seed/run_fig3d_multiseed_fixedpath_v3.m ; 03_pending/MC_validation/run_70B_pooled_monte_carlo_N95.m ; 03_pending/MC_validation/run_8B_pooled_monte_carlo_N95.m,English public rewrite/refactor; algorithms and intentional differences in changes_stage2.md,8fb57e9228aa35590927859de36e0c854edada9c5575bdf8ff6cd0e97c6d9946
code/validation/validate_stage2.m,03_pending/MC_validation,03_pending/MC_validation/independent_seed/run_fig3d_multiseed_fixedpath_v3.m ; 03_pending/MC_validation/run_70B_pooled_monte_carlo_N95.m ; 03_pending/MC_validation/run_8B_pooled_monte_carlo_N95.m,English public rewrite/refactor; algorithms and intentional differences in changes_stage2.md,c7599b7a7f49a6b8f91f75287b15f14d6e1f3bd800fde5e64580395a693fb664
