Q_server_W,UA_ext_W_K,A2_m2,duct_scale,w_fan_cmd_rpm,search_stage,above_preferred_rpm,sim_success,feasible,server_mean_tail_K,chamber_mean_tail_K,radiator_mean_tail_K,server_slope_tail_K_s,chamber_slope_tail_K_s,server_delta_tail_K,chamber_delta_tail_K,vdot_m3_s,mdot_kg_s,dp_total_Pa,Pfan_shaft_W,Pfan_elec_W,fan_overhead_percent,error_message
1100,100,2,1.5,750,probe,0,1,0,545.044745178796,534.953865402437,232.94062521451,0.0456532141347702,0.0450259888273177,18.902623929424,18.6453156828109,0.00760102204844652,0.00855103646143494,5.38434977570432,0.125889649328786,0.148105469798572,0.013464133618052,""
1100,100,2,1.5,1000,probe,0,1,0,455.587610022493,436.996179121416,237.020335747206,0.0154446291060112,0.0142815805622046,6.58908351960309,6.09281988595046,0.0145219437472427,0.0161753288549024,9.28912124265723,0.316009759106007,0.371776187183538,0.0337978351985034,""
1100,100,2,1.5,1500,probe,0,1,0,384.625170670117,362.966646254766,238.525596218622,0.00448208036064927,0.00388271682543629,2.1420767841048,1.85560426219371,0.0315627780480623,0.0358629818906487,19.5464045152815,1.15348048638316,1.35703586633313,0.123366896939376,""
1100,100,2,1.5,2000,probe,0,1,0,348.169936211628,325.622922243968,238.978927780022,0.00132554131475533,0.00108220647527749,0.578078511864476,0.471958018095847,0.0528985735580424,0.060728735052421,32.0904318136818,2.90088666437632,3.41280784044273,0.310255258222067,""
1100,100,2,1.5,2500,probe,0,1,0,327.376015649639,304.568847781673,239.129080214721,0.000394396416331096,0.00030525461458422,0.164190474748125,0.127079984655893,0.0769666656608418,0.0888601619629888,46.1280684604086,5.91883049371982,6.96332999261155,0.633029999328323,""
1100,100,2,1.5,2675,probe,0,1,1,322.340421394146,299.496038005097,239.156388490289,0.000258704093279449,0.000196561223338795,0.118281282911823,0.0898691262768807,0.0855553713905404,0.098907579024223,51.1909448601218,7.33927670278419,8.6344431797461,0.784949379976918,""
1100,100,2,1.5,2575,refine,0,1,0,325.058633284937,302.234143465962,239.141440491109,0.000331090193069227,0.000254361492452315,0.144538933055685,0.111042766388152,0.0807257990456192,0.0932573822737191,48.3372344008167,6.50279553318185,7.65034768609629,0.695486153281481,""
1100,100,2,1.5,2625,refine,0,1,0,323.63930212929,300.803689067764,239.149527750715,0.000290892980509471,0.000222187381124531,0.128644232510112,0.0982599210356625,0.0831919895733757,0.0961424980725833,49.7922056891184,6.91275814632109,8.1326566427307,0.739332422066427,""
1100,100,2,1.5,2650,refine,0,1,0,322.971699985001,300.132690129286,239.152446542645,0.000277202949460384,0.000211158380065969,0.130218797370844,0.0991937064252966,0.0843842668821001,0.097537448390177,50.497012390059,7.12394353937842,8.38111004632756,0.761919095120687,""
1275,100,2,1.5,750,probe,0,1,0,600.607752219648,589.299106225386,233.485170254452,0.0543433391710478,0.0528018970444472,22.8083891060155,22.1641577114101,0.00730310883593851,0.00819710757940772,5.39582814609942,0.12521401322315,0.147310603791941,0.0115537728464268,""
1275,100,2,1.5,1000,probe,0,1,0,490.254884417448,469.072317507263,238.252072455263,0.0192062794119976,0.0177957742870025,8.25588412720526,7.64951906680039,0.0142113620621018,0.0157507904778264,9.31218868675448,0.314770056259497,0.370317713246467,0.0290445265291347,""
1275,100,2,1.5,1500,probe,0,1,0,408.978721937803,384.043089957259,240.090913343005,0.00580786908293418,0.00503737367767932,2.66871808827284,2.31459614629836,0.0310735099160537,0.0351788523484054,19.6256218019237,1.1491798195164,1.35197625825459,0.106037353588595,""
1275,100,2,1.5,2000,probe,0,1,0,367.033610784393,341.001905682073,240.646908905263,0.00190361860159444,0.00155571203968002,0.827871535983832,0.6765685000247,0.0522815911031503,0.0598630814099147,32.2581788603226,2.89151268505705,3.40177962947888,0.266806245449324,""
1275,100,2,1.5,2500,probe,0,1,0,343.017720538391,316.641424627151,240.839464707768,0.000670295045243982,0.000519162029737043,0.281787367426432,0.218252025711934,0.0762955252899821,0.0879100968073102,46.3939553129433,5.90344278026391,6.94522680031048,0.544723670612587,""
1275,100,2,1.5,2675,probe,0,1,0,337.109629547546,310.680170861175,240.874995217473,0.000476783932669438,0.000362516159439908,0.214791204548817,0.163313614544563,0.0850108211430981,0.0981000681057721,51.5641784612671,7.32230743392206,8.61447933402596,0.67564543796282,""
1275,100,2,1.5,3000,probe,0,1,0,329.271948546954,302.785816538175,240.920177873919,0.000272635252470716,0.000201466535853602,0.128038474838718,0.0946153084889829,0.0994564008843607,0.1149967836104,60.2810394642414,10.5154880701331,12.3711624354507,0.970287249839267,""
1275,100,2,1.5,4000,probe,0,1,1,314.932352023478,288.38552792682,241.013333580576,5.59579167256777e-05,3.88176240285424e-05,0.0263090691724983,0.0182508937412535,0.140021456691005,0.16245051160277,86.8574708749972,25.6898993417801,30.2234109903295,2.37046360708466,""
1275,100,2,1.5,3500,refine,0,1,1,320.927002557513,294.398328604809,240.970251618908,0.000121814440142596,8.70258908188423e-05,0.0526470568112813,0.0376117390966328,0.120091122988314,0.139141761673641,73.2808036279603,17.0071460677532,20.0084071385332,1.56928683439476,""
1275,100,2,1.5,3250,refine,0,1,1,324.70993256146,298.198777166369,240.94651888162,0.000183440056336156,0.000133164749345318,0.0856104713053014,0.0621472654695481,0.1099011415473,0.127217427541313,66.7590170756303,13.5068855089709,15.8904535399658,1.24631008156595,""
1275,100,2,1.5,3125,refine,0,1,0,326.872826675678,300.373655424505,240.933468433153,0.000225278724083129,0.000164952369117857,0.109015907823675,0.0798230433356366,0.10472001576941,0.121155117274756,63.5229246728244,11.95004804321,14.0588800508353,1.10265725888904,""
1275,100,2,1.5,3175,refine,0,1,1,325.980770269608,299.476998398385,240.938549208191,0.000208723222393158,0.000152295254261711,0.101699959015662,0.0742055532543304,0.106801002342235,0.123590001739116,64.8168818179984,12.557833554184,14.7739218284518,1.15873896693739,""
1275,100,2,1.5,3150,refine,0,1,1,326.422231553727,299.920754018015,240.936005657551,0.000216930269895352,0.000158559637031359,0.105514093766885,0.0771228358196936,0.105762041855608,0.122374339327067,64.169923381424,12.2514754823627,14.4135005674856,1.13047063274396,""
2550,100,2,1.5,750,probe,0,0,0,NaN,NaN,NaN,NaN,NaN,NaN,NaN,NaN,NaN,NaN,NaN,NaN,NaN,"다음 사용 중 오류가 발생함: run_highload_validation_A_fixed_geometry>runOneA (380번 라인) | ['haps_260818_1722_duct/Solver Configuration']: 시간 2153.266413에서 하나 이상의 어설션이 트리거됩니다. 구체적인 정보를 보려면 원인을 확인하십시오. |  | 오류 발생: run_highload_validation_A_fixed_geometry>evaluateIfNeededA (354번 라인) |     row = runOneA(model,c,rpm,stage,Search,Base); |     ^^^^^^^^^^^^^^^^^^^^^^^^^^^^^^^^^^^^^^^^^^^^^ | 오류 발생: run_highload_validation_A_fixed_geometry>adaptiveSearchA (280번 라인) |         [Rows,row] = evaluateIfNeededA(Rows, model, c, rpm, 'probe', Search, Base); |         ^^^^^^^^^^^^^^^^^^^^^^^^^^^^^^^^^^^^^^^^^^^^^^^^^^^^^^^^^^^^^^^^^^^^^^^^^^^ | 오류 발생: run_highload_validation_A_fixed_geometry (145번 라인) |     [rows, info] = adaptiveSearchA(model, caseStruct, Search, Base); |     ^^^^^^^^^^^^^^^^^^^^^^^^^^^^^^^^^^^^^^^^^^^^^^^^^^^^^^^^^^^^^^^^ | 원인: |     다음 사용 중 오류가 발생함: Simulink.Simulation.internal.DesktopSimHelper |     포트 B에서의 온도는 최대 유효 온도보다 작거나 같아야 합니다. 어설션 발생 위치: |     블록 경로: <a href=""matlab:open_and_hilite_hyperlink ('haps_260818_1722_duct/Fan (MA)1','error')"">haps_260818_1722_duct/Fan (MA)1</a> |     어설션 위치: |         o (위치 정보가 보호되어 있음) |      |      |     오류 발생: Simulink.Simulation.internal.DesktopSimHelper.sim |      |     오류 발생: Simulink.SimulationInput/sim |      |     오류 발생: run_highload_validation_A_fixed_geometry>runOneA (380번 라인) |             out = sim(simIn); |             ^^^^^^^^^^^^^^^^^ |     오류 발생: run_highload_validation_A_fixed_geometry>evaluateIfNeededA (354번 라인) |         row = runOneA(model,c,rpm,stage,Search,Base); |         ^^^^^^^^^^^^^^^^^^^^^^^^^^^^^^^^^^^^^^^^^^^^^ |     오류 발생: run_highload_validation_A_fixed_geometry>adaptiveSearchA (280번 라인) |             [Rows,row] = evaluateIfNeededA(Rows, model, c, rpm, 'probe', Search, Base); |             ^^^^^^^^^^^^^^^^^^^^^^^^^^^^^^^^^^^^^^^^^^^^^^^^^^^^^^^^^^^^^^^^^^^^^^^^^^^ |     오류 발생: run_highload_validation_A_fixed_geometry (145번 라인) |         [rows, info] = adaptiveSearchA(model, caseStruct, Search, Base); |         ^^^^^^^^^^^^^^^^^^^^^^^^^^^^^^^^^^^^^^^^^^^^^^^^^^^^^^^^^^^^^^^^ |     다음 사용 중 오류가 발생함: Simulink.Simulation.internal.DesktopSimHelper |     포트 A에서의 온도는 최대 유효 온도보다 작거나 같아야 합니다. 어설션 발생 위치: |     블록 경로: <a href=""matlab:open_and_hilite_hyperlink ('haps_260818_1722_duct/Local Restriction (MA) #1','error')"">haps_260818_1722_duct/Local Restriction (MA) #1</a> |     어설션 위치: |         o <a href=""matlab:opentoline(which('foundation.moist_air.elements.local_restriction'), 277, 5)"">파일 foundation.moist_air.elements.local_restriction의 라인: 277, 열: 5과(와) 라인: 277, 열: 11 사이</a> |      |      |     오류 발생: Simulink.Simulation.internal.DesktopSimHelper.sim |      |     오류 발생: Simulink.SimulationInput/sim |      |     오류 발생: run_highload_validation_A_fixed_geometry>runOneA (380번 라인) |             out = sim(simIn); |             ^^^^^^^^^^^^^^^^^ |     오류 발생: run_highload_validation_A_fixed_geometry>evaluateIfNeededA (354번 라인) |         row = runOneA(model,c,rpm,stage,Search,Base); |         ^^^^^^^^^^^^^^^^^^^^^^^^^^^^^^^^^^^^^^^^^^^^^ |     오류 발생: run_highload_validation_A_fixed_geometry>adaptiveSearchA (280번 라인) |             [Rows,row] = evaluateIfNeededA(Rows, model, c, rpm, 'probe', Search, Base); |             ^^^^^^^^^^^^^^^^^^^^^^^^^^^^^^^^^^^^^^^^^^^^^^^^^^^^^^^^^^^^^^^^^^^^^^^^^^^ |     오류 발생: run_highload_validation_A_fixed_geometry (145번 라인) |         [rows, info] = adaptiveSearchA(model, caseStruct, Search, Base); |         ^^^^^^^^^^^^^^^^^^^^^^^^^^^^^^^^^^^^^^^^^^^^^^^^^^^^^^^^^^^^^^^^ |     다음 사용 중 오류가 발생함: Simulink.Simulation.internal.DesktopSimHelper |     포트 B에서의 온도는 최대 유효 온도보다 작거나 같아야 합니다. 어설션 발생 위치: |     블록 경로: <a href=""matlab:open_and_hilite_hyperlink ('haps_260818_1722_duct/Local Restriction (MA) #1','error')"">haps_260818_1722_duct/Local Restriction (MA) #1</a> |     어설션 위치: |         o <a href=""matlab:opentoline(which('foundation.moist_air.elements.local_restriction'), 281, 5)"">파일 foundation.moist_air.elements.local_restriction의 라인: 281, 열: 5과(와) 라인: 281, 열: 11 사이</a> |      |      |     오류 발생: Simulink.Simulation.internal.DesktopSimHelper.sim |      |     오류 발생: Simulink.SimulationInput/sim |      |     오류 발생: run_highload_validation_A_fixed_geometry>runOneA (380번 라인) |             out = sim(simIn); |             ^^^^^^^^^^^^^^^^^ |     오류 발생: run_highload_validation_A_fixed_geometry>evaluateIfNeededA (354번 라인) |         row = runOneA(model,c,rpm,stage,Search,Base); |         ^^^^^^^^^^^^^^^^^^^^^^^^^^^^^^^^^^^^^^^^^^^^^ |     오류 발생: run_highload_validation_A_fixed_geometry>adaptiveSearchA (280번 라인) |             [Rows,row] = evaluateIfNeededA(Rows, model, c, rpm, 'probe', Search, Base); |             ^^^^^^^^^^^^^^^^^^^^^^^^^^^^^^^^^^^^^^^^^^^^^^^^^^^^^^^^^^^^^^^^^^^^^^^^^^^ |     오류 발생: run_highload_validation_A_fixed_geometry (145번 라인) |         [rows, info] = adaptiveSearchA(model, caseStruct, Search, Base); |         ^^^^^^^^^^^^^^^^^^^^^^^^^^^^^^^^^^^^^^^^^^^^^^^^^^^^^^^^^^^^^^^^ |     다음 사용 중 오류가 발생함: Simulink.Simulation.internal.DesktopSimHelper |     포트 A에서의 온도는 최대 유효 온도보다 작거나 같아야 합니다. 어설션 발생 위치: |     블록 경로: <a href=""matlab:open_and_hilite_hyperlink ('haps_260818_1722_duct/Pipe (MA)','error')"">haps_260818_1722_duct/Pipe (MA)</a> |     어설션 위치: |         o <a href=""matlab:opentoline(which('foundation.moist_air.elements.pipe'), 975, 5)"">파일 foundation.moist_air.elements.pipe의 라인: 975, 열: 5과(와) 라인: 975, 열: 11 사이</a> |      |      |     오류 발생: Simulink.Simulation.internal.DesktopSimHelper.sim |      |     오류 발생: Simulink.SimulationInput/sim |      |     오류 발생: run_highload_validation_A_fixed_geometry>runOneA (380번 라인) |             out = sim(simIn); |             ^^^^^^^^^^^^^^^^^ |     오류 발생: run_highload_validation_A_fixed_geometry>evaluateIfNeededA (354번 라인) |         row = runOneA(model,c,rpm,stage,Search,Base); |         ^^^^^^^^^^^^^^^^^^^^^^^^^^^^^^^^^^^^^^^^^^^^^ |     오류 발생: run_highload_validation_A_fixed_geometry>adaptiveSearchA (280번 라인) |             [Rows,row] = evaluateIfNeededA(Rows, model, c, rpm, 'probe', Search, Base); |             ^^^^^^^^^^^^^^^^^^^^^^^^^^^^^^^^^^^^^^^^^^^^^^^^^^^^^^^^^^^^^^^^^^^^^^^^^^^ |     오류 발생: run_highload_validation_A_fixed_geometry (145번 라인) |         [rows, info] = adaptiveSearchA(model, caseStruct, Search, Base); |         ^^^^^^^^^^^^^^^^^^^^^^^^^^^^^^^^^^^^^^^^^^^^^^^^^^^^^^^^^^^^^^^^"
2550,100,2,1.5,1000,probe,0,0,0,NaN,NaN,NaN,NaN,NaN,NaN,NaN,NaN,NaN,NaN,NaN,NaN,NaN,"다음 사용 중 오류가 발생함: run_highload_validation_A_fixed_geometry>runOneA (380번 라인) | ['haps_260818_1722_duct/Solver Configuration']: 시간 3197.718871에서 하나 이상의 어설션이 트리거됩니다. 구체적인 정보를 보려면 원인을 확인하십시오. |  | 오류 발생: run_highload_validation_A_fixed_geometry>evaluateIfNeededA (354번 라인) |     row = runOneA(model,c,rpm,stage,Search,Base); |     ^^^^^^^^^^^^^^^^^^^^^^^^^^^^^^^^^^^^^^^^^^^^^ | 오류 발생: run_highload_validation_A_fixed_geometry>adaptiveSearchA (280번 라인) |         [Rows,row] = evaluateIfNeededA(Rows, model, c, rpm, 'probe', Search, Base); |         ^^^^^^^^^^^^^^^^^^^^^^^^^^^^^^^^^^^^^^^^^^^^^^^^^^^^^^^^^^^^^^^^^^^^^^^^^^^ | 오류 발생: run_highload_validation_A_fixed_geometry (145번 라인) |     [rows, info] = adaptiveSearchA(model, caseStruct, Search, Base); |     ^^^^^^^^^^^^^^^^^^^^^^^^^^^^^^^^^^^^^^^^^^^^^^^^^^^^^^^^^^^^^^^^ | 원인: |     다음 사용 중 오류가 발생함: Simulink.Simulation.internal.DesktopSimHelper |     포트 B에서의 온도는 최대 유효 온도보다 작거나 같아야 합니다. 어설션 발생 위치: |     블록 경로: <a href=""matlab:open_and_hilite_hyperlink ('haps_260818_1722_duct/Fan (MA)1','error')"">haps_260818_1722_duct/Fan (MA)1</a> |     어설션 위치: |         o (위치 정보가 보호되어 있음) |      |      |     오류 발생: Simulink.Simulation.internal.DesktopSimHelper.sim |      |     오류 발생: Simulink.SimulationInput/sim |      |     오류 발생: run_highload_validation_A_fixed_geometry>runOneA (380번 라인) |             out = sim(simIn); |             ^^^^^^^^^^^^^^^^^ |     오류 발생: run_highload_validation_A_fixed_geometry>evaluateIfNeededA (354번 라인) |         row = runOneA(model,c,rpm,stage,Search,Base); |         ^^^^^^^^^^^^^^^^^^^^^^^^^^^^^^^^^^^^^^^^^^^^^ |     오류 발생: run_highload_validation_A_fixed_geometry>adaptiveSearchA (280번 라인) |             [Rows,row] = evaluateIfNeededA(Rows, model, c, rpm, 'probe', Search, Base); |             ^^^^^^^^^^^^^^^^^^^^^^^^^^^^^^^^^^^^^^^^^^^^^^^^^^^^^^^^^^^^^^^^^^^^^^^^^^^ |     오류 발생: run_highload_validation_A_fixed_geometry (145번 라인) |         [rows, info] = adaptiveSearchA(model, caseStruct, Search, Base); |         ^^^^^^^^^^^^^^^^^^^^^^^^^^^^^^^^^^^^^^^^^^^^^^^^^^^^^^^^^^^^^^^^ |     다음 사용 중 오류가 발생함: Simulink.Simulation.internal.DesktopSimHelper |     포트 A에서의 온도는 최대 유효 온도보다 작거나 같아야 합니다. 어설션 발생 위치: |     블록 경로: <a href=""matlab:open_and_hilite_hyperlink ('haps_260818_1722_duct/Local Restriction (MA) #1','error')"">haps_260818_1722_duct/Local Restriction (MA) #1</a> |     어설션 위치: |         o <a href=""matlab:opentoline(which('foundation.moist_air.elements.local_restriction'), 277, 5)"">파일 foundation.moist_air.elements.local_restriction의 라인: 277, 열: 5과(와) 라인: 277, 열: 11 사이</a> |      |      |     오류 발생: Simulink.Simulation.internal.DesktopSimHelper.sim |      |     오류 발생: Simulink.SimulationInput/sim |      |     오류 발생: run_highload_validation_A_fixed_geometry>runOneA (380번 라인) |             out = sim(simIn); |             ^^^^^^^^^^^^^^^^^ |     오류 발생: run_highload_validation_A_fixed_geometry>evaluateIfNeededA (354번 라인) |         row = runOneA(model,c,rpm,stage,Search,Base); |         ^^^^^^^^^^^^^^^^^^^^^^^^^^^^^^^^^^^^^^^^^^^^^ |     오류 발생: run_highload_validation_A_fixed_geometry>adaptiveSearchA (280번 라인) |             [Rows,row] = evaluateIfNeededA(Rows, model, c, rpm, 'probe', Search, Base); |             ^^^^^^^^^^^^^^^^^^^^^^^^^^^^^^^^^^^^^^^^^^^^^^^^^^^^^^^^^^^^^^^^^^^^^^^^^^^ |     오류 발생: run_highload_validation_A_fixed_geometry (145번 라인) |         [rows, info] = adaptiveSearchA(model, caseStruct, Search, Base); |         ^^^^^^^^^^^^^^^^^^^^^^^^^^^^^^^^^^^^^^^^^^^^^^^^^^^^^^^^^^^^^^^^"
2550,100,2,1.5,1500,probe,0,1,0,589.418438364851,540.864186717665,251.36874217358,0.016363122750396,0.014275612346564,7.01651895140787,6.12134350835208,0.0281322867769309,0.0311926823793279,20.0757524297175,1.12320951793209,1.32142296227305,0.0518205083244333,""
2550,100,2,1.5,2000,probe,0,1,0,505.903706898758,454.509844736636,252.786556688885,0.00622682648942755,0.00511015524163252,2.52720703505076,2.073989193096,0.0484375558317437,0.0546002005208798,33.2589791421196,2.83271019507589,3.33260022950104,0.130690205078472,""
2550,100,2,1.5,2500,probe,0,1,0,457.509080214685,405.184902051172,253.272203963486,0.00284215823288186,0.0022060978570256,1.41028030377544,1.09466604384068,0.0719465415730267,0.081900956019205,48.0604639011387,5.80280184852699,6.82682570414939,0.267718655064682,""
2550,100,2,1.5,2675,probe,0,1,0,445.591109734451,393.076251498818,253.377705523916,0.00217631354378127,0.00166004878041608,1.02993292423548,0.785609854737231,0.0806781073043429,0.0920641770422001,53.5177909273916,7.20675390688089,8.47853400809516,0.332491529729222,""
2550,100,2,1.5,3000,probe,0,1,0,428.273942573704,375.528092991404,253.513991651914,0.0013552445963453,0.000998942852528098,0.629390025946975,0.463918038596319,0.0967802541896164,0.110827275368285,63.6291867798742,10.3874101829185,12.2204825681395,0.479234610515273,""
2550,100,2,1.5,4000,probe,0,1,0,399.34574395116,346.373442427712,253.695930431381,0.000544768543734877,0.000375829349846152,0.257214310361746,0.177449155954434,0.138671281115505,0.159729348804567,91.3535419572678,25.5402047023317,30.047299649802,1.17832547646282,""
2550,100,2,1.5,5000,probe,0,1,0,383.16265449082,330.119478400791,253.824073861649,0.000289538566562529,0.000190373080461976,0.143665372145449,0.0944607240259643,0.177912209865635,0.205582664762983,122.412375864044,50.6924950117127,59.6382294255444,2.33875409511939,""
2550,100,2,1.5,6750,expanded_probe,1,1,0,367.145599019829,314.053748791076,254.135539321577,0.000120041269804362,7.4157590335816e-05,0.0505996155232538,0.0312587994877163,0.24244207858746,0.280978637530612,207.667158188885,125.482362508302,147.626308833297,5.78926701307046,""
2550,100,2,1.5,9125,expanded_probe,1,1,0,355.555741846556,302.446758239021,254.863199606048,5.75757373459938e-05,3.34620374338835e-05,0.0258509048387054,0.0150240941471793,0.328533313822515,0.381440574991412,371.945915645289,310.495759010838,365.289128248044,14.3250638528645,""
2550,100,2,1.5,12000,expanded_probe,1,1,0,348.90969872567,295.792756382267,256.405560139305,2.93322542982888e-05,1.61231127015137e-05,0.0120167845533956,0.00660528766059088,0.432434666429192,0.502348512246687,638.250289121507,706.578157800469,831.268420941729,32.598761605558,""
