duct_area_scale,previous_min_fan_elec_power_W,rerun_min_fan_elec_power_W,delta_fan_power_W,previous_fan_overhead_percent,rerun_fan_overhead_percent,delta_fan_overhead_percentage_point,previous_best_rpm,rerun_best_rpm,delta_rpm
1,9.96645861046792,9.96645861046792,0,0.90604169186072,0.90604169186072,0,2875,2875,0
1.1,9.36021460975538,9.36021460975538,0,0.850928600886853,0.850928600886853,0,2800,2800,0
1.2,9.00782620314266,9.00782620314266,0,0.818893291194787,0.818893291194787,0,2750,2750,0
1.3,8.89923130560014,8.89923130560014,0,0.809021027781831,0.809021027781831,0,2725,2725,0
1.4,8.77418445128007,8.77418445128007,0,0.797653131934552,0.797653131934552,0,2700,2700,0
1.5,8.6344431797461,8.6344431797461,0,0.784949379976919,0.784949379976919,0,2675,2675,0
1.6,8.73210882244994,8.73210882244994,0,0.793828074768177,0.793828074768177,0,2675,2675,0
1.7,9.07412849402473,9.07412849402473,0,0.824920772184066,0.824920772184066,0,2700,2700,0
1.8,9.14377608173827,9.14377608173827,0,0.831252371067115,0.831252371067115,0,2700,2700,0
1.9,9.74413954879135,9.74413954879135,0,0.88583086807194,0.88583086807194,0,2750,2750,0
2,10.0765087455656,10.0765087455656,0,0.916046249596876,0.916046249596876,0,2775,2775,0
2.1,10.4090337527345,10.4090337527345,0,0.946275795703138,0.946275795703138,0,2800,2800,0
2.2,11.0387088432885,11.0387088432885,0,1.0035189857535,1.0035189857535,0,2850,2850,0
