case_id,case_label,case_source,case_key,Q_server,P_air_internal,T_air_internal,T_ambient,h2,A2,h1,A1,L_pipe,A_pipe,D_h_pipe,A_res1,A_res3,q_fan_nom,dp_fan_nom,eta_fan_nom,dp_fan_max0,q_fan_max0,w_fan_ref_rpm,Q_solar,epsilon_rad,k_rad,A_rad,T_sky,G_wall,A_wall,t_wall,k_wall,m_HX,cp_HX,T_HX0,T_chamber_limit,T_server_limit,temperature_margin_K,sim_time_scale,validation_group,A_rad_scale,A1_scale,duct_area_scale,pipe_area_scale,res1_area_scale,res3_area_scale,fan_capacity_scale,known_infeasible_rpm,UA_external_W_K,UA_internal_W_K,res1_to_pipe_ratio,res3_to_pipe_ratio,flow_path_valid
1,baseline,baseline,Qs1100_P101325_Ta223.15_A22_h250_Qsol500_eps1e-15_G1000000_Ars1_A1s1_Ds1_Ps1_R1s1_R3s1_Fs1_Ef0.6_Tcl300_Tsl330_St1_V,1100,101325,300,223.15,50,2,120,0.4,2,0.01,0.1,0.009,0.006,0.094197,65.53218,0.6,88.468443,0.11774625,3000,500,1e-15,5.670374419e-23,2,223.15,1000000,1,1,1000000,1,900,300,300,330,0,1,,1,1,1,1,1,1,1,NaN,100,48,0.9,0.6,1
2,duct_fine_1.00x,duct_fine,Qs1100_P101325_Ta223.15_A22_h250_Qsol500_eps1e-15_G1000000_Ars1_A1s1_Ds1_Ps1_R1s1_R3s1_Fs1_Ef0.6_Tcl300_Tsl330_St1_Vduct_fine,1100,101325,300,223.15,50,2,120,0.4,2,0.01,0.1,0.009,0.006,0.094197,65.53218,0.6,88.468443,0.11774625,3000,500,1e-15,5.670374419e-23,2,223.15,1000000,1,1,1000000,1,900,300,300,330,0,1,duct_fine,1,1,1,1,1,1,1,NaN,100,48,0.9,0.6,1
3,duct_fine_1.10x,duct_fine,Qs1100_P101325_Ta223.15_A22_h250_Qsol500_eps1e-15_G1000000_Ars1_A1s1_Ds1.1_Ps1_R1s1_R3s1_Fs1_Ef0.6_Tcl300_Tsl330_St1_Vduct_fine,1100,101325,300,223.15,50,2,120,0.4,2,0.011,0.104880884817015,0.0099,0.0066,0.094197,65.53218,0.6,88.468443,0.11774625,3000,500,1e-15,5.670374419e-23,2,223.15,1000000,1,1,1000000,1,900,300,300,330,0,1,duct_fine,1,1,1.1,1,1,1,1,NaN,100,48,0.9,0.6,1
4,duct_fine_1.20x,duct_fine,Qs1100_P101325_Ta223.15_A22_h250_Qsol500_eps1e-15_G1000000_Ars1_A1s1_Ds1.2_Ps1_R1s1_R3s1_Fs1_Ef0.6_Tcl300_Tsl330_St1_Vduct_fine,1100,101325,300,223.15,50,2,120,0.4,2,0.012,0.109544511501033,0.0108,0.0072,0.094197,65.53218,0.6,88.468443,0.11774625,3000,500,1e-15,5.670374419e-23,2,223.15,1000000,1,1,1000000,1,900,300,300,330,0,1,duct_fine,1,1,1.2,1,1,1,1,NaN,100,48,0.9,0.6,1
5,duct_fine_1.30x,duct_fine,Qs1100_P101325_Ta223.15_A22_h250_Qsol500_eps1e-15_G1000000_Ars1_A1s1_Ds1.3_Ps1_R1s1_R3s1_Fs1_Ef0.6_Tcl300_Tsl330_St1_Vduct_fine,1100,101325,300,223.15,50,2,120,0.4,2,0.013,0.114017542509914,0.0117,0.0078,0.094197,65.53218,0.6,88.468443,0.11774625,3000,500,1e-15,5.670374419e-23,2,223.15,1000000,1,1,1000000,1,900,300,300,330,0,1,duct_fine,1,1,1.3,1,1,1,1,NaN,100,48,0.9,0.6,1
6,duct_fine_1.40x,duct_fine,Qs1100_P101325_Ta223.15_A22_h250_Qsol500_eps1e-15_G1000000_Ars1_A1s1_Ds1.4_Ps1_R1s1_R3s1_Fs1_Ef0.6_Tcl300_Tsl330_St1_Vduct_fine,1100,101325,300,223.15,50,2,120,0.4,2,0.014,0.118321595661992,0.0126,0.0084,0.094197,65.53218,0.6,88.468443,0.11774625,3000,500,1e-15,5.670374419e-23,2,223.15,1000000,1,1,1000000,1,900,300,300,330,0,1,duct_fine,1,1,1.4,1,1,1,1,NaN,100,48,0.9,0.6,1
7,duct_fine_1.50x,duct_fine,Qs1100_P101325_Ta223.15_A22_h250_Qsol500_eps1e-15_G1000000_Ars1_A1s1_Ds1.5_Ps1_R1s1_R3s1_Fs1_Ef0.6_Tcl300_Tsl330_St1_Vduct_fine,1100,101325,300,223.15,50,2,120,0.4,2,0.015,0.122474487139159,0.0135,0.009,0.094197,65.53218,0.6,88.468443,0.11774625,3000,500,1e-15,5.670374419e-23,2,223.15,1000000,1,1,1000000,1,900,300,300,330,0,1,duct_fine,1,1,1.5,1,1,1,1,NaN,100,48,0.9,0.6,1
8,duct_fine_1.60x,duct_fine,Qs1100_P101325_Ta223.15_A22_h250_Qsol500_eps1e-15_G1000000_Ars1_A1s1_Ds1.6_Ps1_R1s1_R3s1_Fs1_Ef0.6_Tcl300_Tsl330_St1_Vduct_fine,1100,101325,300,223.15,50,2,120,0.4,2,0.016,0.126491106406735,0.0144,0.0096,0.094197,65.53218,0.6,88.468443,0.11774625,3000,500,1e-15,5.670374419e-23,2,223.15,1000000,1,1,1000000,1,900,300,300,330,0,1,duct_fine,1,1,1.6,1,1,1,1,NaN,100,48,0.9,0.6,1
9,duct_fine_1.70x,duct_fine,Qs1100_P101325_Ta223.15_A22_h250_Qsol500_eps1e-15_G1000000_Ars1_A1s1_Ds1.7_Ps1_R1s1_R3s1_Fs1_Ef0.6_Tcl300_Tsl330_St1_Vduct_fine,1100,101325,300,223.15,50,2,120,0.4,2,0.017,0.130384048104053,0.0153,0.0102,0.094197,65.53218,0.6,88.468443,0.11774625,3000,500,1e-15,5.670374419e-23,2,223.15,1000000,1,1,1000000,1,900,300,300,330,0,1,duct_fine,1,1,1.7,1,1,1,1,NaN,100,48,0.9,0.6,1
10,duct_fine_1.80x,duct_fine,Qs1100_P101325_Ta223.15_A22_h250_Qsol500_eps1e-15_G1000000_Ars1_A1s1_Ds1.8_Ps1_R1s1_R3s1_Fs1_Ef0.6_Tcl300_Tsl330_St1_Vduct_fine,1100,101325,300,223.15,50,2,120,0.4,2,0.018,0.134164078649987,0.0162,0.0108,0.094197,65.53218,0.6,88.468443,0.11774625,3000,500,1e-15,5.670374419e-23,2,223.15,1000000,1,1,1000000,1,900,300,300,330,0,1,duct_fine,1,1,1.8,1,1,1,1,NaN,100,48,0.9,0.6,1
11,duct_fine_1.90x,duct_fine,Qs1100_P101325_Ta223.15_A22_h250_Qsol500_eps1e-15_G1000000_Ars1_A1s1_Ds1.9_Ps1_R1s1_R3s1_Fs1_Ef0.6_Tcl300_Tsl330_St1_Vduct_fine,1100,101325,300,223.15,50,2,120,0.4,2,0.019,0.137840487520902,0.0171,0.0114,0.094197,65.53218,0.6,88.468443,0.11774625,3000,500,1e-15,5.670374419e-23,2,223.15,1000000,1,1,1000000,1,900,300,300,330,0,1,duct_fine,1,1,1.9,1,1,1,1,NaN,100,48,0.9,0.6,1
12,duct_fine_2.00x,duct_fine,Qs1100_P101325_Ta223.15_A22_h250_Qsol500_eps1e-15_G1000000_Ars1_A1s1_Ds2_Ps1_R1s1_R3s1_Fs1_Ef0.6_Tcl300_Tsl330_St1_Vduct_fine,1100,101325,300,223.15,50,2,120,0.4,2,0.02,0.14142135623731,0.018,0.012,0.094197,65.53218,0.6,88.468443,0.11774625,3000,500,1e-15,5.670374419e-23,2,223.15,1000000,1,1,1000000,1,900,300,300,330,0,1,duct_fine,1,1,2,1,1,1,1,NaN,100,48,0.9,0.6,1
13,duct_fine_2.10x,duct_fine,Qs1100_P101325_Ta223.15_A22_h250_Qsol500_eps1e-15_G1000000_Ars1_A1s1_Ds2.1_Ps1_R1s1_R3s1_Fs1_Ef0.6_Tcl300_Tsl330_St1_Vduct_fine,1100,101325,300,223.15,50,2,120,0.4,2,0.021,0.144913767461894,0.0189,0.0126,0.094197,65.53218,0.6,88.468443,0.11774625,3000,500,1e-15,5.670374419e-23,2,223.15,1000000,1,1,1000000,1,900,300,300,330,0,1,duct_fine,1,1,2.1,1,1,1,1,NaN,100,48,0.9,0.6,1
14,duct_fine_2.20x,duct_fine,Qs1100_P101325_Ta223.15_A22_h250_Qsol500_eps1e-15_G1000000_Ars1_A1s1_Ds2.2_Ps1_R1s1_R3s1_Fs1_Ef0.6_Tcl300_Tsl330_St1_Vduct_fine,1100,101325,300,223.15,50,2,120,0.4,2,0.022,0.148323969741913,0.0198,0.0132,0.094197,65.53218,0.6,88.468443,0.11774625,3000,500,1e-15,5.670374419e-23,2,223.15,1000000,1,1,1000000,1,900,300,300,330,0,1,duct_fine,1,1,2.2,1,1,1,1,NaN,100,48,0.9,0.6,1
